osmid,landuse,ZONENUMMER,STGB,NIS_GEM,NIS_GEM_L,VREGIO,VREGIO_L,Area_calc
"28282415",residential,"1474","1","24062",24062 LEUVEN,"7",LEUVEN,0.0102771180174202
"43394314",residential,"1496","1","24062",24062 LEUVEN,"7",LEUVEN,0.000285769881483167
"43548667",residential,"1491","1","24062",24062 LEUVEN,"7",LEUVEN,0.0133391855312679
"43548667",residential,"1492","1","24062",24062 LEUVEN,"7",LEUVEN,0.178460303084388
"43549048",residential,"1491","1","24062",24062 LEUVEN,"7",LEUVEN,0.203482592607384
"43549048",residential,"1492","1","24062",24062 LEUVEN,"7",LEUVEN,0.126255414112806
"44001234",residential,"1474","1","24062",24062 LEUVEN,"7",LEUVEN,0.00573608445410104
"44010998",residential,"1474","1","24062",24062 LEUVEN,"7",LEUVEN,0.131512551475849
"48988773",residential,"1474","1","24062",24062 LEUVEN,"7",LEUVEN,0.0723422739274614
"56304125",residential,"1501","1","24062",24062 LEUVEN,"7",LEUVEN,0.0258518180399276
"56304291",residential,"1501","1","24062",24062 LEUVEN,"7",LEUVEN,0.0692172184791956
"56304333",residential,"1501","1","24062",24062 LEUVEN,"7",LEUVEN,0.00903798741291463
"56306588",residential,"1501","1","24062",24062 LEUVEN,"7",LEUVEN,0.00951256038406584
"56455901",industrial,"1501","1","24062",24062 LEUVEN,"7",LEUVEN,0.0298629107151777
"61289668",residential,"1501","1","24062",24062 LEUVEN,"7",LEUVEN,0.0315494002287835
"61290370",residential,"1501","1","24062",24062 LEUVEN,"7",LEUVEN,0.577792951882795
"61320963",residential,"1501","1","24062",24062 LEUVEN,"7",LEUVEN,0.0821507274229042
"77355477",residential,"1496","1","24062",24062 LEUVEN,"7",LEUVEN,0.0165889568438344
"78607053",residential,"1484","1","24062",24062 LEUVEN,"7",LEUVEN,0.0535901105028465
"78607053",residential,"1486","1","24062",24062 LEUVEN,"7",LEUVEN,0.00139639432851598
"78607053",residential,"1487","1","24062",24062 LEUVEN,"7",LEUVEN,0.21393934399636
"78607374",residential,"1484","1","24062",24062 LEUVEN,"7",LEUVEN,0.019387650767073
"79010396",residential,"1484","1","24062",24062 LEUVEN,"7",LEUVEN,0.0255546814621605
"79010717",residential,"1484","1","24062",24062 LEUVEN,"7",LEUVEN,0.0112493558336031
"79010719",residential,"1485","1","24062",24062 LEUVEN,"7",LEUVEN,0.0235186781864265
"79010720",residential,"1485","1","24062",24062 LEUVEN,"7",LEUVEN,0.0186348048207955
"79010721",residential,"1484","1","24062",24062 LEUVEN,"7",LEUVEN,0.0160507302941137
"79010724",residential,"1484","1","24062",24062 LEUVEN,"7",LEUVEN,0.0132656042764882
"79010725",residential,"1484","1","24062",24062 LEUVEN,"7",LEUVEN,0.00911638271419844
"79011070",residential,"1484","1","24062",24062 LEUVEN,"7",LEUVEN,0.00981661669823807
"79011071",residential,"1484","1","24062",24062 LEUVEN,"7",LEUVEN,0.00011229144763574
"79011071",residential,"1485","1","24062",24062 LEUVEN,"7",LEUVEN,0.0316978157429681
"79011073",residential,"1485","1","24062",24062 LEUVEN,"7",LEUVEN,0.0361454232627642
"79011075",residential,"1484","1","24062",24062 LEUVEN,"7",LEUVEN,0.01601043487281
"79073840",residential,"1484","1","24062",24062 LEUVEN,"7",LEUVEN,0.0164585889476759
"79073872",residential,"1484","1","24062",24062 LEUVEN,"7",LEUVEN,0.0263606506432774
"79073872",residential,"1490","1","24062",24062 LEUVEN,"7",LEUVEN,0.00130256995383464
"79491555",residential,"1480","1","24062",24062 LEUVEN,"7",LEUVEN,0.004036443058526
"79947282",residential,"1471","1","24062",24062 LEUVEN,"7",LEUVEN,0.00176971312376558
"79947283",residential,"1469","1","24062",24062 LEUVEN,"7",LEUVEN,0.0137264662953103
"79948142",residential,"1486","1","24062",24062 LEUVEN,"7",LEUVEN,0.0159903860408786
"79948194",residential,"1481","1","24062",24062 LEUVEN,"7",LEUVEN,0.0214736968354974
"80362661",residential,"1469","1","24062",24062 LEUVEN,"7",LEUVEN,0.0131784626931972
"80362663",residential,"1469","1","24062",24062 LEUVEN,"7",LEUVEN,0.0306455992934689
"80362705",residential,"1467","1","24062",24062 LEUVEN,"7",LEUVEN,1.94104374162853e-05
"80362705",residential,"1468","1","24062",24062 LEUVEN,"7",LEUVEN,0.000798136470638216
"80362705",residential,"1469","1","24062",24062 LEUVEN,"7",LEUVEN,0.00719858307517134
"82712324",residential,"1470","1","24062",24062 LEUVEN,"7",LEUVEN,0.00688959882861373
"82712331",residential,"1469","1","24062",24062 LEUVEN,"7",LEUVEN,0.000957533691288205
"82712331",residential,"1470","1","24062",24062 LEUVEN,"7",LEUVEN,0.00584244516637895
"82712334",residential,"1460","1","24062",24062 LEUVEN,"7",LEUVEN,0.00753040123937454
"82712334",residential,"1469","1","24062",24062 LEUVEN,"7",LEUVEN,0.000853982898626011
"82712337",residential,"1460","1","24062",24062 LEUVEN,"7",LEUVEN,0.00309481980644294
"82712337",residential,"1470","1","24062",24062 LEUVEN,"7",LEUVEN,6.42624063349795e-05
"83652142",residential,"1474","1","24062",24062 LEUVEN,"7",LEUVEN,0.00661050963932276
"84327740",residential,"1474","1","24062",24062 LEUVEN,"7",LEUVEN,0.166746059405977
"84329246",residential,"1474","1","24062",24062 LEUVEN,"7",LEUVEN,0.0795534086058602
"84329246",residential,"1475","1","24062",24062 LEUVEN,"7",LEUVEN,0.537917049058773
"84329575",industrial,"1475","1","24062",24062 LEUVEN,"7",LEUVEN,0.0498578705247873
"86203347",residential,"1481","1","24062",24062 LEUVEN,"7",LEUVEN,0.0388198397323955
"87348871",residential,"1476","1","24062",24062 LEUVEN,"7",LEUVEN,0.00754189708382636
"87366802",residential,"1476","1","24062",24062 LEUVEN,"7",LEUVEN,0.00545279948079307
"87366802",residential,"1478","1","24062",24062 LEUVEN,"7",LEUVEN,0.064656981584576
"87366810",residential,"1476","1","24062",24062 LEUVEN,"7",LEUVEN,0.0229353673974108
"87366816",residential,"1476","1","24062",24062 LEUVEN,"7",LEUVEN,0.00392304706579843
"87366816",residential,"1478","1","24062",24062 LEUVEN,"7",LEUVEN,0.0111378946231329
"87366816",residential,"1479","1","24062",24062 LEUVEN,"7",LEUVEN,0.00122345805777074
"87384573",residential,"1480","1","24062",24062 LEUVEN,"7",LEUVEN,0.0150486698228451
"87384577",industrial,"1480","1","24062",24062 LEUVEN,"7",LEUVEN,0.096470739762336
"87384579",residential,"1480","1","24062",24062 LEUVEN,"7",LEUVEN,0.00154785903956834
"87384580",residential,"1480","1","24062",24062 LEUVEN,"7",LEUVEN,3.20755896130577e-05
"87453196",residential,"1480","1","24062",24062 LEUVEN,"7",LEUVEN,0.0414387482964392
"87506752",residential,"1492","1","24062",24062 LEUVEN,"7",LEUVEN,0.0141711975344685
"88327161",residential,"1470","1","24062",24062 LEUVEN,"7",LEUVEN,0.00671511130073201
"88798271",residential,"1466","1","24062",24062 LEUVEN,"7",LEUVEN,0.019440964241663
"88798271",residential,"1474","1","24062",24062 LEUVEN,"7",LEUVEN,0.00696666869595181
"88798271",residential,"1475","1","24062",24062 LEUVEN,"7",LEUVEN,2.30736752711236e-05
"89049126",residential,"1474","1","24062",24062 LEUVEN,"7",LEUVEN,0.571838265526582
"89049242",residential,"1474","1","24062",24062 LEUVEN,"7",LEUVEN,0.022527120728299
"89299922",industrial,"1494","1","24062",24062 LEUVEN,"7",LEUVEN,0.00755198535136878
"89665487",residential,"1498","1","24062",24062 LEUVEN,"7",LEUVEN,0.00304690019136667
"89687942",residential,"1480","1","24062",24062 LEUVEN,"7",LEUVEN,0.0138826945151985
"89687982",residential,"1498","1","24062",24062 LEUVEN,"7",LEUVEN,0.00819632647626102
"89687982",residential,"1500","1","24062",24062 LEUVEN,"7",LEUVEN,0.0204772894280404
"89687993",residential,"1480","1","24062",24062 LEUVEN,"7",LEUVEN,0.197206232526028
"89688002",residential,"1498","1","24062",24062 LEUVEN,"7",LEUVEN,0.0119293148181867
"90642467",industrial,"1499","1","24062",24062 LEUVEN,"7",LEUVEN,0.0107889511775123
"90882595",industrial,"1499","1","24062",24062 LEUVEN,"7",LEUVEN,0.0209196241715848
"90929575",residential,"1499","1","24062",24062 LEUVEN,"7",LEUVEN,0.00595181423150003
"90929575",residential,"1500","1","24062",24062 LEUVEN,"7",LEUVEN,0.00106343267134018
"90969086",residential,"1500","1","24062",24062 LEUVEN,"7",LEUVEN,0.00216638131426275
"92206113",industrial,"1499","1","24062",24062 LEUVEN,"7",LEUVEN,0.0130063540621866
"92207034",industrial,"1499","1","24062",24062 LEUVEN,"7",LEUVEN,0.00712265811812505
"92207035",industrial,"1499","1","24062",24062 LEUVEN,"7",LEUVEN,0.0113193625987805
"92326660",residential,"1497","1","24062",24062 LEUVEN,"7",LEUVEN,0.0030064273220785
"92326666",retail,"1497","1","24062",24062 LEUVEN,"7",LEUVEN,0.00972337542417739
"92326676",commercial,"1497","1","24062",24062 LEUVEN,"7",LEUVEN,0.0227188544873968
"92326688",commercial,"1497","1","24062",24062 LEUVEN,"7",LEUVEN,0.00208868126779795
"92440937",industrial,"1499","1","24062",24062 LEUVEN,"7",LEUVEN,0.0292294876526743
"92444153",industrial,"1499","1","24062",24062 LEUVEN,"7",LEUVEN,0.0148822665265948
"92503577",industrial,"1499","1","24062",24062 LEUVEN,"7",LEUVEN,0.0214695653696507
"92504665",industrial,"1499","1","24062",24062 LEUVEN,"7",LEUVEN,0.0136920550050177
"92675379",industrial,"1499","1","24062",24062 LEUVEN,"7",LEUVEN,0.00704167062847316
"92676241",industrial,"1499","1","24062",24062 LEUVEN,"7",LEUVEN,0.00392492379175965
"94471378",residential,"1460","1","24062",24062 LEUVEN,"7",LEUVEN,0.00383747354886805
"94511835",residential,"1497","1","24062",24062 LEUVEN,"7",LEUVEN,0.05288806389945
"96256949",residential,"1491","1","24062",24062 LEUVEN,"7",LEUVEN,0.0045473548001945
"96259637",residential,"1466","1","24062",24062 LEUVEN,"7",LEUVEN,0.19438447041592
"96354021",industrial,"1499","1","24062",24062 LEUVEN,"7",LEUVEN,0.00621764971104637
"96354023",industrial,"1499","1","24062",24062 LEUVEN,"7",LEUVEN,0.0122309355855826
"96354027",industrial,"1499","1","24062",24062 LEUVEN,"7",LEUVEN,0.00526154935610667
"96354029",industrial,"1499","1","24062",24062 LEUVEN,"7",LEUVEN,0.00479456177407503
"96358393",residential,"1499","1","24062",24062 LEUVEN,"7",LEUVEN,0.00395837729611434
"96358589",industrial,"1499","1","24062",24062 LEUVEN,"7",LEUVEN,0.0268109484887121
"96359553",industrial,"1499","1","24062",24062 LEUVEN,"7",LEUVEN,0.00935840402279794
"96359555",industrial,"1499","1","24062",24062 LEUVEN,"7",LEUVEN,0.0103671827859902
"96359558",industrial,"1499","1","24062",24062 LEUVEN,"7",LEUVEN,0.0109679106896045
"96359559",industrial,"1499","1","24062",24062 LEUVEN,"7",LEUVEN,0.00293985400778818
"96359562",industrial,"1499","1","24062",24062 LEUVEN,"7",LEUVEN,0.00976725911806244
"96381631",residential,"1500","1","24062",24062 LEUVEN,"7",LEUVEN,0.00464817787436023
"96381636",industrial,"1500","1","24062",24062 LEUVEN,"7",LEUVEN,0.0115851046964005
"96381637",industrial,"1500","1","24062",24062 LEUVEN,"7",LEUVEN,0.0114570113049783
"96381641",industrial,"1500","1","24062",24062 LEUVEN,"7",LEUVEN,0.0632933969186246
"96381647",industrial,"1500","1","24062",24062 LEUVEN,"7",LEUVEN,0.0156598262261264
"96381648",industrial,"1500","1","24062",24062 LEUVEN,"7",LEUVEN,0.0253726867867243
"96409480",industrial,"1500","1","24062",24062 LEUVEN,"7",LEUVEN,0.0301449298142418
"96409837",residential,"1500","1","24062",24062 LEUVEN,"7",LEUVEN,0.00325571663493663
"96411149",commercial,"1500","1","24062",24062 LEUVEN,"7",LEUVEN,0.00174267440696992
"96411856",industrial,"1499","1","24062",24062 LEUVEN,"7",LEUVEN,0.0146488222850319
"96440360",residential,"1484","1","24062",24062 LEUVEN,"7",LEUVEN,0.022490100196697
"96581936",industrial,"1499","1","24062",24062 LEUVEN,"7",LEUVEN,0.0117172108431794
"96581948",industrial,"1499","1","24062",24062 LEUVEN,"7",LEUVEN,0.0283891111263335
"96581953",industrial,"1499","1","24062",24062 LEUVEN,"7",LEUVEN,0.00524371172142774
"96581954",industrial,"1499","1","24062",24062 LEUVEN,"7",LEUVEN,0.0310127559726611
"96769834",industrial,"1499","1","24062",24062 LEUVEN,"7",LEUVEN,0.0216170844747517
"96787663",industrial,"1499","1","24062",24062 LEUVEN,"7",LEUVEN,0.0159366244087666
"96790204",industrial,"1499","1","24062",24062 LEUVEN,"7",LEUVEN,0.0117086059562974
"96790217",industrial,"1499","1","24062",24062 LEUVEN,"7",LEUVEN,0.0177418352058949
"96791498",industrial,"1499","1","24062",24062 LEUVEN,"7",LEUVEN,0.0200985534028942
"96791502",industrial,"1499","1","24062",24062 LEUVEN,"7",LEUVEN,0.0230214974537026
"96791504",industrial,"1499","1","24062",24062 LEUVEN,"7",LEUVEN,0.00595977921214374
"96918136",residential,"1470","1","24062",24062 LEUVEN,"7",LEUVEN,0.00197519151317881
"97209980",residential,"1466","1","24062",24062 LEUVEN,"7",LEUVEN,0.0205728035555892
"97209980",residential,"1491","1","24062",24062 LEUVEN,"7",LEUVEN,0.170416736208682
"97209980",residential,"1493","1","24062",24062 LEUVEN,"7",LEUVEN,0.24507869548297
"97209980",residential,"1494","1","24062",24062 LEUVEN,"7",LEUVEN,0.027859880431857
"97209980",residential,"1495","1","24062",24062 LEUVEN,"7",LEUVEN,0.317455368020721
"97875246",residential,"1484","1","24062",24062 LEUVEN,"7",LEUVEN,0.0122879862750064
"97948589",residential,"1488","1","24062",24062 LEUVEN,"7",LEUVEN,2.46975311893038e-07
"97948589",residential,"1500","1","24062",24062 LEUVEN,"7",LEUVEN,0.00453478010426147
"99012286",commercial,"1500","1","24062",24062 LEUVEN,"7",LEUVEN,0.00577844194913655
"101394977",residential,"1501","1","24062",24062 LEUVEN,"7",LEUVEN,0.00260249625497847
"103067323",residential,"1480","1","24062",24062 LEUVEN,"7",LEUVEN,0.0205852809474021
"103067335",residential,"1480","1","24062",24062 LEUVEN,"7",LEUVEN,0.0180842469820613
"103067337",residential,"1480","1","24062",24062 LEUVEN,"7",LEUVEN,0.0127478807530217
"103067338",residential,"1480","1","24062",24062 LEUVEN,"7",LEUVEN,0.00239670531645417
"103067339",residential,"1480","1","24062",24062 LEUVEN,"7",LEUVEN,0.00404652982255816
"103067340",residential,"1480","1","24062",24062 LEUVEN,"7",LEUVEN,0.00857580733797699
"103429000",residential,"1469","1","24062",24062 LEUVEN,"7",LEUVEN,0.00240265932360978
"105447679",commercial,"1498","1","24062",24062 LEUVEN,"7",LEUVEN,0.0035771170054283
"105525493",recreation_ground,"1469","1","24062",24062 LEUVEN,"7",LEUVEN,0.0012694383902573
"106335990",industrial,"1499","1","24062",24062 LEUVEN,"7",LEUVEN,0.0303078219345799
"106335991",industrial,"1499","1","24062",24062 LEUVEN,"7",LEUVEN,0.0290332550596699
"106335991",industrial,"1500","1","24062",24062 LEUVEN,"7",LEUVEN,4.22546586953104e-05
"106335993",industrial,"1499","1","24062",24062 LEUVEN,"7",LEUVEN,0.0116931991689
"106343836",industrial,"1499","1","24062",24062 LEUVEN,"7",LEUVEN,0.0152818145392332
"106346023",industrial,"1499","1","24062",24062 LEUVEN,"7",LEUVEN,0.00435874218869209
"106362184",industrial,"1499","1","24062",24062 LEUVEN,"7",LEUVEN,0.0182628391329348
"106362186",industrial,"1499","1","24062",24062 LEUVEN,"7",LEUVEN,0.0109907087764712
"106362186",industrial,"1500","1","24062",24062 LEUVEN,"7",LEUVEN,0.000660145527724177
"106388264",industrial,"1499","1","24062",24062 LEUVEN,"7",LEUVEN,0.104147928411631
"106388270",industrial,"1499","1","24062",24062 LEUVEN,"7",LEUVEN,0.0352486048121443
"106446190",commercial,"1500","1","24062",24062 LEUVEN,"7",LEUVEN,0.00259092431800859
"106446192",commercial,"1500","1","24062",24062 LEUVEN,"7",LEUVEN,0.00449561177019402
"106446196",commercial,"1500","1","24062",24062 LEUVEN,"7",LEUVEN,0.00986496404089033
"106446199",commercial,"1500","1","24062",24062 LEUVEN,"7",LEUVEN,0.00178897515733307
"106446200",commercial,"1500","1","24062",24062 LEUVEN,"7",LEUVEN,0.00472377977865562
"106446211",commercial,"1500","1","24062",24062 LEUVEN,"7",LEUVEN,0.00433276440695114
"106446212",commercial,"1500","1","24062",24062 LEUVEN,"7",LEUVEN,0.00770274777425081
"106446214",commercial,"1500","1","24062",24062 LEUVEN,"7",LEUVEN,0.00443912935124338
"106446216",commercial,"1500","1","24062",24062 LEUVEN,"7",LEUVEN,0.00430111004530452
"117656491",residential,"1474","1","24062",24062 LEUVEN,"7",LEUVEN,0.00388116717071933
"120144138",residential,"1497","1","24062",24062 LEUVEN,"7",LEUVEN,0.171119165809018
"124754552",recreation_ground,"1478","1","24062",24062 LEUVEN,"7",LEUVEN,0.00192701205195859
"125911865",residential,"1481","1","24062",24062 LEUVEN,"7",LEUVEN,0.000588298170196576
"126996770",residential,"1481","1","24062",24062 LEUVEN,"7",LEUVEN,0.0198330216858773
"126996770",residential,"1486","1","24062",24062 LEUVEN,"7",LEUVEN,0.120848387639659
"126996770",residential,"1497","1","24062",24062 LEUVEN,"7",LEUVEN,0.517180940590338
"127059046",residential,"1482","1","24062",24062 LEUVEN,"7",LEUVEN,0.0981654076922014
"127199494",residential,"1474","1","24062",24062 LEUVEN,"7",LEUVEN,0.15281807782461
"127207832",residential,"1477","1","24062",24062 LEUVEN,"7",LEUVEN,0.212891216941271
"127297502",residential,"1477","1","24062",24062 LEUVEN,"7",LEUVEN,0.00179002945454605
"127297502",residential,"1482","1","24062",24062 LEUVEN,"7",LEUVEN,0.0016040051279366
"127297695",residential,"1474","1","24062",24062 LEUVEN,"7",LEUVEN,0.0631580459892005
"127297697",residential,"1474","1","24062",24062 LEUVEN,"7",LEUVEN,0.049868523773605
"127298300",residential,"1477","1","24062",24062 LEUVEN,"7",LEUVEN,0.000135810853157192
"127298300",residential,"1483","1","24062",24062 LEUVEN,"7",LEUVEN,0.0947826277915165
"127298307",residential,"1477","1","24062",24062 LEUVEN,"7",LEUVEN,0.0538928561439188
"127298307",residential,"1482","1","24062",24062 LEUVEN,"7",LEUVEN,0.147531017401656
"127298307",residential,"1483","1","24062",24062 LEUVEN,"7",LEUVEN,0.0181912169384807
"127298312",residential,"1477","1","24062",24062 LEUVEN,"7",LEUVEN,0.223600175654715
"127298315",residential,"1477","1","24062",24062 LEUVEN,"7",LEUVEN,0.0203371966125593
"127326784",residential,"1477","1","24062",24062 LEUVEN,"7",LEUVEN,0.0941415087747392
"127326784",residential,"1482","1","24062",24062 LEUVEN,"7",LEUVEN,0.000382089424246922
"127326786",residential,"1477","1","24062",24062 LEUVEN,"7",LEUVEN,0.0209792691132911
"127385175",residential,"1482","1","24062",24062 LEUVEN,"7",LEUVEN,0.0432427699010568
"127388132",residential,"1482","1","24062",24062 LEUVEN,"7",LEUVEN,0.00736611704927869
"127388132",residential,"1483","1","24062",24062 LEUVEN,"7",LEUVEN,0.0366476773128714
"127477316",industrial,"1474","1","24062",24062 LEUVEN,"7",LEUVEN,0.00402417698350735
"127477327",residential,"1474","1","24062",24062 LEUVEN,"7",LEUVEN,0.00138828052173741
"127477332",industrial,"1474","1","24062",24062 LEUVEN,"7",LEUVEN,0.00283860704928264
"127477337",residential,"1474","1","24062",24062 LEUVEN,"7",LEUVEN,0.0303463449343783
"127478145",residential,"1474","1","24062",24062 LEUVEN,"7",LEUVEN,0.00042820843944326
"127507454",residential,"1483","1","24062",24062 LEUVEN,"7",LEUVEN,0.0201751380387098
"127601882",residential,"1477","1","24062",24062 LEUVEN,"7",LEUVEN,0.0680507436753958
"127601882",residential,"1483","1","24062",24062 LEUVEN,"7",LEUVEN,0.12756243716102
"130874438",recreation_ground,"1490","1","24062",24062 LEUVEN,"7",LEUVEN,0.0191459411446601
"135635304",industrial,"1466","1","24062",24062 LEUVEN,"7",LEUVEN,1.78940690597519e-05
"136263686",residential,"1474","1","24062",24062 LEUVEN,"7",LEUVEN,0.168194721428249
"136293560",residential,"1474","1","24062",24062 LEUVEN,"7",LEUVEN,0.00612738779628277
"137534565",residential,"1474","1","24062",24062 LEUVEN,"7",LEUVEN,0.000475318568749703
"137534565",residential,"1501","1","24062",24062 LEUVEN,"7",LEUVEN,0.114484712667212
"137570268",industrial,"1474","1","24062",24062 LEUVEN,"7",LEUVEN,0.00366166568995267
"138156831",residential,"1474","1","24062",24062 LEUVEN,"7",LEUVEN,0.0198398623889796
"138276343",industrial,"1501","1","24062",24062 LEUVEN,"7",LEUVEN,0.0129304033039808
"138601726",residential,"1478","1","24062",24062 LEUVEN,"7",LEUVEN,0.0196859809421413
"138601727",residential,"1478","1","24062",24062 LEUVEN,"7",LEUVEN,0.019931972848366
"138601729",residential,"1478","1","24062",24062 LEUVEN,"7",LEUVEN,0.0262110492265262
"138601731",residential,"1478","1","24062",24062 LEUVEN,"7",LEUVEN,0.0804013554799678
"138601734",residential,"1478","1","24062",24062 LEUVEN,"7",LEUVEN,0.00769219770098478
"138601923",residential,"1478","1","24062",24062 LEUVEN,"7",LEUVEN,0.00927979205131345
"138601923",residential,"1480","1","24062",24062 LEUVEN,"7",LEUVEN,0.0242943875004058
"138602377",residential,"1480","1","24062",24062 LEUVEN,"7",LEUVEN,0.0003660319784116
"138999576",residential,"1478","1","24062",24062 LEUVEN,"7",LEUVEN,1.64875454111025e-05
"138999576",residential,"1483","1","24062",24062 LEUVEN,"7",LEUVEN,0.000201726662764326
"138999577",residential,"1478","1","24062",24062 LEUVEN,"7",LEUVEN,7.76289474619552e-05
"138999577",residential,"1483","1","24062",24062 LEUVEN,"7",LEUVEN,0.00267879313766956
"138999578",residential,"1483","1","24062",24062 LEUVEN,"7",LEUVEN,0.0042786758005973
"139449111",residential,"1483","1","24062",24062 LEUVEN,"7",LEUVEN,0.0338492135983706
"139528817",residential,"1497","1","24062",24062 LEUVEN,"7",LEUVEN,0.0423895742535107
"139742815",residential,"1478","1","24062",24062 LEUVEN,"7",LEUVEN,0.0186508330094013
"139742818",residential,"1476","1","24062",24062 LEUVEN,"7",LEUVEN,0.011990336776292
"139742818",residential,"1478","1","24062",24062 LEUVEN,"7",LEUVEN,0.0147726485384405
"140047885",residential,"1480","1","24062",24062 LEUVEN,"7",LEUVEN,0.0904046302015036
"140597904",residential,"1497","1","24062",24062 LEUVEN,"7",LEUVEN,0.193649820428902
"140597907",residential,"1497","1","24062",24062 LEUVEN,"7",LEUVEN,0.00672757938285358
"142698065",residential,"1474","1","24062",24062 LEUVEN,"7",LEUVEN,0.0157618137595411
"142698075",residential,"1474","1","24062",24062 LEUVEN,"7",LEUVEN,0.00246027256928012
"146876273",residential,"1474","1","24062",24062 LEUVEN,"7",LEUVEN,0.00256839984181523
"150018303",residential,"1491","1","24062",24062 LEUVEN,"7",LEUVEN,0.127870133115078
"150018303",residential,"1493","1","24062",24062 LEUVEN,"7",LEUVEN,0.0111816583180279
"150018303",residential,"1494","1","24062",24062 LEUVEN,"7",LEUVEN,0.0010785525028538
"150105736",residential,"1491","1","24062",24062 LEUVEN,"7",LEUVEN,0.109627325578462
"150105736",residential,"1496","1","24062",24062 LEUVEN,"7",LEUVEN,0.0134673140199971
"150105737",residential,"1491","1","24062",24062 LEUVEN,"7",LEUVEN,0.00386840886291116
"151093768",residential,"1474","1","24062",24062 LEUVEN,"7",LEUVEN,0.0035994578948319
"153064860",residential,"1480","1","24062",24062 LEUVEN,"7",LEUVEN,0.00450953840520233
"153071330",residential,"1480","1","24062",24062 LEUVEN,"7",LEUVEN,0.0146849192537498
"155334560",residential,"1474","1","24062",24062 LEUVEN,"7",LEUVEN,0.00281522151019797
"156007645",residential,"1480","1","24062",24062 LEUVEN,"7",LEUVEN,0.0223882675100416
"156008294",residential,"1480","1","24062",24062 LEUVEN,"7",LEUVEN,0.0212823793241195
"156011417",residential,"1480","1","24062",24062 LEUVEN,"7",LEUVEN,0.0055680233928971
"156013096",residential,"1479","1","24062",24062 LEUVEN,"7",LEUVEN,0.00111963145408221
"156013096",residential,"1480","1","24062",24062 LEUVEN,"7",LEUVEN,0.198852568925967
"165630733",residential,"1501","1","24062",24062 LEUVEN,"7",LEUVEN,0.0768762976988555
"165630907",residential,"1501","1","24062",24062 LEUVEN,"7",LEUVEN,0.0973843703182666
"171139362",recreation_ground,"1471","1","24062",24062 LEUVEN,"7",LEUVEN,0.00240247207169328
"173271391",residential,"1497","1","24062",24062 LEUVEN,"7",LEUVEN,0.00371572909265757
"207522642",residential,"1497","1","24062",24062 LEUVEN,"7",LEUVEN,0.00288157459005713
"222343070",recreation_ground,"1478","1","24062",24062 LEUVEN,"7",LEUVEN,0.000668187796384096
"222343070",recreation_ground,"1479","1","24062",24062 LEUVEN,"7",LEUVEN,0.00472748717505857
"228863842",residential,"1501","1","24062",24062 LEUVEN,"7",LEUVEN,0.00062598248796165
"228863843",residential,"1501","1","24062",24062 LEUVEN,"7",LEUVEN,0.0029926240092963
"235607259",residential,"1501","1","24062",24062 LEUVEN,"7",LEUVEN,0.00361867811793089
"235607260",residential,"1501","1","24062",24062 LEUVEN,"7",LEUVEN,0.00246415896810591
"235607262",residential,"1501","1","24062",24062 LEUVEN,"7",LEUVEN,0.0873473054922726
"235956993",industrial,"1462","1","24062",24062 LEUVEN,"7",LEUVEN,0.00151944927375205
"235956993",industrial,"1466","1","24062",24062 LEUVEN,"7",LEUVEN,0.00446306104902796
"235956993",industrial,"1475","1","24062",24062 LEUVEN,"7",LEUVEN,0.0497603782786098
"235956993",industrial,"1477","1","24062",24062 LEUVEN,"7",LEUVEN,0.14306912690722
"236447961",residential,"1501","1","24062",24062 LEUVEN,"7",LEUVEN,0.00290751961559057
"241763573",residential,"1474","1","24062",24062 LEUVEN,"7",LEUVEN,0.0318937013372183
"241763574",residential,"1474","1","24062",24062 LEUVEN,"7",LEUVEN,0.0695489891312858
"241763574",residential,"1477","1","24062",24062 LEUVEN,"7",LEUVEN,0.000540330808084458
"241942456",residential,"1492","1","24062",24062 LEUVEN,"7",LEUVEN,0.0030333818533197
"241942457",residential,"1492","1","24062",24062 LEUVEN,"7",LEUVEN,0.00122807319967821
"251060814",residential,"1490","1","24062",24062 LEUVEN,"7",LEUVEN,0.00398310363636538
"253036213",residential,"1501","1","24062",24062 LEUVEN,"7",LEUVEN,0.00631370746565983
"257485131",residential,"1484","1","24062",24062 LEUVEN,"7",LEUVEN,0.0358426434507824
"257744842",residential,"1484","1","24062",24062 LEUVEN,"7",LEUVEN,0.0262024269623467
"257748374",residential,"1484","1","24062",24062 LEUVEN,"7",LEUVEN,0.012460429112103
"257748375",residential,"1484","1","24062",24062 LEUVEN,"7",LEUVEN,0.00750027231240238
"257748376",residential,"1484","1","24062",24062 LEUVEN,"7",LEUVEN,0.00749870308396408
"257783846",residential,"1484","1","24062",24062 LEUVEN,"7",LEUVEN,0.0204822045684747
"257783847",industrial,"1487","1","24062",24062 LEUVEN,"7",LEUVEN,0.00276514123039972
"257934186",residential,"1493","1","24062",24062 LEUVEN,"7",LEUVEN,0.00955649774925597
"257934186",residential,"1495","1","24062",24062 LEUVEN,"7",LEUVEN,0.0474850942819728
"257934188",residential,"1495","1","24062",24062 LEUVEN,"7",LEUVEN,0.0389742929191049
"258018428",residential,"1469","1","24062",24062 LEUVEN,"7",LEUVEN,0.0262292956504361
"258018429",residential,"1469","1","24062",24062 LEUVEN,"7",LEUVEN,0.0375777523488294
"258020201",residential,"1460","1","24062",24062 LEUVEN,"7",LEUVEN,0.000271632669670507
"258020202",residential,"1460","1","24062",24062 LEUVEN,"7",LEUVEN,0.0231140777936304
"258020203",residential,"1471","1","24062",24062 LEUVEN,"7",LEUVEN,0.0200749193634007
"258649121",residential,"1470","1","24062",24062 LEUVEN,"7",LEUVEN,0.00254432096571033
"258757086",residential,"1489","1","24062",24062 LEUVEN,"7",LEUVEN,0.000718739055048674
"258895809",residential,"1496","1","24062",24062 LEUVEN,"7",LEUVEN,0.0164193941037133
"258895810",residential,"1496","1","24062",24062 LEUVEN,"7",LEUVEN,0.00468369015748799
"258935337",residential,"1491","1","24062",24062 LEUVEN,"7",LEUVEN,0.0172029271650277
"261860190",residential,"1492","1","24062",24062 LEUVEN,"7",LEUVEN,0.00276761217749119
"263312222",residential,"1474","1","24062",24062 LEUVEN,"7",LEUVEN,0.00599014977422915
"263312223",residential,"1474","1","24062",24062 LEUVEN,"7",LEUVEN,0.0104921648756266
"265852713",residential,"1501","1","24062",24062 LEUVEN,"7",LEUVEN,0.00423680345999822
"268141448",commercial,"1474","1","24062",24062 LEUVEN,"7",LEUVEN,0.0427485810109205
"268141451",commercial,"1474","1","24062",24062 LEUVEN,"7",LEUVEN,0.0419445027856994
"268141453",residential,"1474","1","24062",24062 LEUVEN,"7",LEUVEN,0.00150375551760569
"268400021",residential,"1474","1","24062",24062 LEUVEN,"7",LEUVEN,0.0088017513465751
"274279602",residential,"1492","1","24062",24062 LEUVEN,"7",LEUVEN,0.00772735448336601
"274279603",residential,"1492","1","24062",24062 LEUVEN,"7",LEUVEN,0.000509558410301804
"277788954",residential,"1479","1","24062",24062 LEUVEN,"7",LEUVEN,0.00141893309583515
"278018385",residential,"1480","1","24062",24062 LEUVEN,"7",LEUVEN,0.0191134369864361
"278018385",residential,"1497","1","24062",24062 LEUVEN,"7",LEUVEN,0.000795926869326271
"278267663",commercial,"1481","1","24062",24062 LEUVEN,"7",LEUVEN,0.00213210453617945
"278790833",commercial,"1481","1","24062",24062 LEUVEN,"7",LEUVEN,0.00129334711499698
"279406311",residential,"1501","1","24062",24062 LEUVEN,"7",LEUVEN,0.00225334401807189
"282104485",residential,"1459","1","24062",24062 LEUVEN,"7",LEUVEN,0.0103410091113938
"282547864",residential,"1459","1","24062",24062 LEUVEN,"7",LEUVEN,0.00176847100933455
"283644844",residential,"1459","1","24062",24062 LEUVEN,"7",LEUVEN,0.00375708249560675
"283644846",retail,"1459","1","24062",24062 LEUVEN,"7",LEUVEN,0.00115231494395105
"283644847",retail,"1459","1","24062",24062 LEUVEN,"7",LEUVEN,0.000956998510493664
"283645271",commercial,"1459","1","24062",24062 LEUVEN,"7",LEUVEN,0.000195165708991699
"284511999",residential,"1459","1","24062",24062 LEUVEN,"7",LEUVEN,0.0120765187825439
"287532303",retail,"1459","1","24062",24062 LEUVEN,"7",LEUVEN,0.00398329627968906
"287532306",residential,"1459","1","24062",24062 LEUVEN,"7",LEUVEN,0.00446524464034804
"289809297",residential,"1459","1","24062",24062 LEUVEN,"7",LEUVEN,0.0346688331399703
"289809298",residential,"1459","1","24062",24062 LEUVEN,"7",LEUVEN,0.00225062068675202
"290002124",residential,"1459","1","24062",24062 LEUVEN,"7",LEUVEN,1.89779798284872e-05
"290184421",residential,"1459","1","24062",24062 LEUVEN,"7",LEUVEN,0.00344274262135779
"290184423",residential,"1459","1","24062",24062 LEUVEN,"7",LEUVEN,0.00252677645687852
"290207860",residential,"1459","1","24062",24062 LEUVEN,"7",LEUVEN,0.00486973486704822
"290351572",residential,"1459","1","24062",24062 LEUVEN,"7",LEUVEN,0.000929863453136757
"290375135",residential,"1459","1","24062",24062 LEUVEN,"7",LEUVEN,0.000849089648023248
"290375136",residential,"1459","1","24062",24062 LEUVEN,"7",LEUVEN,0.00340757796605333
"290957550",retail,"1459","1","24062",24062 LEUVEN,"7",LEUVEN,0.000177005330905784
"290957551",residential,"1459","1","24062",24062 LEUVEN,"7",LEUVEN,0.00120282422943367
"290957552",residential,"1459","1","24062",24062 LEUVEN,"7",LEUVEN,0.00140820186109189
"291233240",residential,"1459","1","24062",24062 LEUVEN,"7",LEUVEN,0.00493120382256026
"291466801",residential,"1459","1","24062",24062 LEUVEN,"7",LEUVEN,0.000967070340332924
"291466803",residential,"1459","1","24062",24062 LEUVEN,"7",LEUVEN,0.00165747894875519
"291466806",residential,"1459","1","24062",24062 LEUVEN,"7",LEUVEN,0.00648180584534185
"291632624",commercial,"1459","1","24062",24062 LEUVEN,"7",LEUVEN,0.00157977557194419
"291632629",retail,"1459","1","24062",24062 LEUVEN,"7",LEUVEN,0.00163763654926978
"291632630",residential,"1459","1","24062",24062 LEUVEN,"7",LEUVEN,0.00232173842163221
"291632631",residential,"1459","1","24062",24062 LEUVEN,"7",LEUVEN,0.00528361095126532
"292026355",residential,"1461","1","24062",24062 LEUVEN,"7",LEUVEN,0.000820971131350845
"292026356",residential,"1459","1","24062",24062 LEUVEN,"7",LEUVEN,1.34077937304974e-05
"292026356",residential,"1461","1","24062",24062 LEUVEN,"7",LEUVEN,0.00173861169447051
"292026357",residential,"1461","1","24062",24062 LEUVEN,"7",LEUVEN,0.000339363470101729
"292026358",residential,"1459","1","24062",24062 LEUVEN,"7",LEUVEN,2.2838934362866e-05
"292026358",residential,"1461","1","24062",24062 LEUVEN,"7",LEUVEN,0.00137430741143215
"292026360",commercial,"1461","1","24062",24062 LEUVEN,"7",LEUVEN,0.00489132066057366
"292056916",residential,"1459","1","24062",24062 LEUVEN,"7",LEUVEN,0.00375792439077841
"292079569",residential,"1459","1","24062",24062 LEUVEN,"7",LEUVEN,0.000927537344019067
"292079571",retail,"1459","1","24062",24062 LEUVEN,"7",LEUVEN,0.000920601627719472
"292079572",residential,"1459","1","24062",24062 LEUVEN,"7",LEUVEN,0.00114908582632954
"292079573",residential,"1459","1","24062",24062 LEUVEN,"7",LEUVEN,0.00429378761222982
"292093340",residential,"1459","1","24062",24062 LEUVEN,"7",LEUVEN,0.00572206036575889
"292212886",residential,"1459","1","24062",24062 LEUVEN,"7",LEUVEN,0.00349584233986586
"292212887",retail,"1459","1","24062",24062 LEUVEN,"7",LEUVEN,0.00121635991766112
"292212888",residential,"1459","1","24062",24062 LEUVEN,"7",LEUVEN,0.00281087612202112
"292212890",retail,"1459","1","24062",24062 LEUVEN,"7",LEUVEN,0.000361092661134899
"292792643",retail,"1458","1","24062",24062 LEUVEN,"7",LEUVEN,0.00107205005091242
"292796911",commercial,"1459","1","24062",24062 LEUVEN,"7",LEUVEN,0.000154214466789737
"292796914",retail,"1459","1","24062",24062 LEUVEN,"7",LEUVEN,0.000154292575086467
"293171180",retail,"1459","1","24062",24062 LEUVEN,"7",LEUVEN,0.00063117740844097
"293171182",retail,"1459","1","24062",24062 LEUVEN,"7",LEUVEN,0.00135485191281384
"293171185",residential,"1459","1","24062",24062 LEUVEN,"7",LEUVEN,0.00163247509186692
"293201787",retail,"1459","1","24062",24062 LEUVEN,"7",LEUVEN,0.000484088180779712
"293230213",retail,"1458","1","24062",24062 LEUVEN,"7",LEUVEN,0.000656828983949264
"293452596",residential,"1459","1","24062",24062 LEUVEN,"7",LEUVEN,0.00260036865413735
"293452597",retail,"1459","1","24062",24062 LEUVEN,"7",LEUVEN,0.00244543670701003
"293760912",residential,"1461","1","24062",24062 LEUVEN,"7",LEUVEN,0.00535680537386611
"293760918",residential,"1461","1","24062",24062 LEUVEN,"7",LEUVEN,0.000716392251069483
"293760920",residential,"1461","1","24062",24062 LEUVEN,"7",LEUVEN,0.0021201305894684
"293760922",residential,"1461","1","24062",24062 LEUVEN,"7",LEUVEN,0.00290435694009578
"293760923",residential,"1461","1","24062",24062 LEUVEN,"7",LEUVEN,0.000381885682096705
"293773156",residential,"1461","1","24062",24062 LEUVEN,"7",LEUVEN,0.00386896779271075
"293773162",residential,"1461","1","24062",24062 LEUVEN,"7",LEUVEN,0.00889397830828838
"293773165",recreation_ground,"1459","1","24062",24062 LEUVEN,"7",LEUVEN,4.21008775872178e-06
"293773165",recreation_ground,"1461","1","24062",24062 LEUVEN,"7",LEUVEN,0.00497310081068997
"293773174",commercial,"1461","1","24062",24062 LEUVEN,"7",LEUVEN,0.0014502508618664
"293787297",residential,"1461","1","24062",24062 LEUVEN,"7",LEUVEN,0.00255786489300977
"293833161",residential,"1461","1","24062",24062 LEUVEN,"7",LEUVEN,0.000343739689150825
"293834026",residential,"1461","1","24062",24062 LEUVEN,"7",LEUVEN,0.000959444832228124
"293837360",residential,"1461","1","24062",24062 LEUVEN,"7",LEUVEN,0.00246024192757893
"293864085",residential,"1473","1","24062",24062 LEUVEN,"7",LEUVEN,0.00162774841893185
"294038605",residential,"1461","1","24062",24062 LEUVEN,"7",LEUVEN,0.0021273583427635
"294038607",residential,"1461","1","24062",24062 LEUVEN,"7",LEUVEN,0.00659317395565333
"294038608",residential,"1461","1","24062",24062 LEUVEN,"7",LEUVEN,0.00335891992734547
"294192976",residential,"1461","1","24062",24062 LEUVEN,"7",LEUVEN,0.000670014149405062
"294192977",residential,"1461","1","24062",24062 LEUVEN,"7",LEUVEN,0.000589395397624001
"294192979",residential,"1461","1","24062",24062 LEUVEN,"7",LEUVEN,0.0036836867303648
"294192980",residential,"1461","1","24062",24062 LEUVEN,"7",LEUVEN,0.0330827613505153
"294192982",residential,"1461","1","24062",24062 LEUVEN,"7",LEUVEN,0.0103239307066398
"295105563",retail,"1480","1","24062",24062 LEUVEN,"7",LEUVEN,0.0220059901428241
"295105568",retail,"1480","1","24062",24062 LEUVEN,"7",LEUVEN,0.00258105390076339
"295116791",residential,"1461","1","24062",24062 LEUVEN,"7",LEUVEN,0.00148455482394062
"295116792",residential,"1461","1","24062",24062 LEUVEN,"7",LEUVEN,0.00658699613293505
"295116793",commercial,"1461","1","24062",24062 LEUVEN,"7",LEUVEN,0.00779102782210521
"295154346",commercial,"1473","1","24062",24062 LEUVEN,"7",LEUVEN,0.0114498224718068
"295154348",residential,"1473","1","24062",24062 LEUVEN,"7",LEUVEN,0.00950877678721515
"295154349",residential,"1473","1","24062",24062 LEUVEN,"7",LEUVEN,0.0010487610954484
"295154350",residential,"1473","1","24062",24062 LEUVEN,"7",LEUVEN,0.00260342083360115
"295211033",commercial,"1480","1","24062",24062 LEUVEN,"7",LEUVEN,0.0149445273226509
"295221399",retail,"1478","1","24062",24062 LEUVEN,"7",LEUVEN,0.00432047751809936
"295809313",residential,"1461","1","24062",24062 LEUVEN,"7",LEUVEN,0.0102699508399367
"296177653",residential,"1476","1","24062",24062 LEUVEN,"7",LEUVEN,9.72156931972131e-05
"296177653",residential,"1477","1","24062",24062 LEUVEN,"7",LEUVEN,0.0167835312909726
"296177654",residential,"1476","1","24062",24062 LEUVEN,"7",LEUVEN,0.0628377896773368
"296177654",residential,"1477","1","24062",24062 LEUVEN,"7",LEUVEN,0.0251089631717969
"296200209",residential,"1476","1","24062",24062 LEUVEN,"7",LEUVEN,0.00141755374106206
"296200209",residential,"1477","1","24062",24062 LEUVEN,"7",LEUVEN,0.00985405525212549
"296200210",residential,"1477","1","24062",24062 LEUVEN,"7",LEUVEN,0.00892739746898785
"296200211",residential,"1477","1","24062",24062 LEUVEN,"7",LEUVEN,0.0200640564983375
"296200213",residential,"1477","1","24062",24062 LEUVEN,"7",LEUVEN,0.00219146871741116
"296200215",residential,"1477","1","24062",24062 LEUVEN,"7",LEUVEN,0.00290156266053766
"296200217",residential,"1476","1","24062",24062 LEUVEN,"7",LEUVEN,8.46768078953028e-06
"296200217",residential,"1477","1","24062",24062 LEUVEN,"7",LEUVEN,0.0170118930690363
"296200218",retail,"1477","1","24062",24062 LEUVEN,"7",LEUVEN,0.00363107083202898
"296423502",residential,"1477","1","24062",24062 LEUVEN,"7",LEUVEN,0.00444752569690533
"296423502",residential,"1483","1","24062",24062 LEUVEN,"7",LEUVEN,0.00219117106325179
"296480720",residential,"1483","1","24062",24062 LEUVEN,"7",LEUVEN,0.0152575415523052
"296480722",residential,"1483","1","24062",24062 LEUVEN,"7",LEUVEN,0.00312883766187727
"296623462",residential,"1483","1","24062",24062 LEUVEN,"7",LEUVEN,0.0044316007793867
"296623463",residential,"1483","1","24062",24062 LEUVEN,"7",LEUVEN,0.0275788905593045
"296623466",residential,"1483","1","24062",24062 LEUVEN,"7",LEUVEN,0.138489749547759
"299048099",residential,"1490","1","24062",24062 LEUVEN,"7",LEUVEN,0.0631852710026912
"299637182",residential,"1473","1","24062",24062 LEUVEN,"7",LEUVEN,0.00600583697765294
"299641949",industrial,"1490","1","24062",24062 LEUVEN,"7",LEUVEN,0.000486364371923802
"299641949",industrial,"1491","1","24062",24062 LEUVEN,"7",LEUVEN,0.114477571135418
"300952165",residential,"1473","1","24062",24062 LEUVEN,"7",LEUVEN,0.0267621583653543
"300952166",residential,"1473","1","24062",24062 LEUVEN,"7",LEUVEN,0.00977484196797106
"301527341",residential,"1473","1","24062",24062 LEUVEN,"7",LEUVEN,0.00043893868351751
"301527342",residential,"1473","1","24062",24062 LEUVEN,"7",LEUVEN,0.00195942225032113
"302125887",residential,"1473","1","24062",24062 LEUVEN,"7",LEUVEN,0.0674805394353059
"303190622",residential,"1473","1","24062",24062 LEUVEN,"7",LEUVEN,0.0023780572827002
"303431117",industrial,"1484","1","24062",24062 LEUVEN,"7",LEUVEN,0.0213857088037399
"303431117",industrial,"1487","1","24062",24062 LEUVEN,"7",LEUVEN,2.61277250107378e-06
"303604199",residential,"1483","1","24062",24062 LEUVEN,"7",LEUVEN,0.00185705183444917
"303604200",residential,"1483","1","24062",24062 LEUVEN,"7",LEUVEN,0.00343805302339792
"303604203",residential,"1483","1","24062",24062 LEUVEN,"7",LEUVEN,0.00838336707994342
"304241996",residential,"1462","1","24062",24062 LEUVEN,"7",LEUVEN,0.00441433733962476
"304241997",residential,"1462","1","24062",24062 LEUVEN,"7",LEUVEN,0.00381007695013657
"305434681",retail,"1463","1","24062",24062 LEUVEN,"7",LEUVEN,0.000592091336458921
"305434681",retail,"1464","1","24062",24062 LEUVEN,"7",LEUVEN,0.0020137763161482
"305434682",commercial,"1463","1","24062",24062 LEUVEN,"7",LEUVEN,0.00145175478133373
"305434683",commercial,"1463","1","24062",24062 LEUVEN,"7",LEUVEN,0.000138975255772471
"305434683",commercial,"1464","1","24062",24062 LEUVEN,"7",LEUVEN,0.00612537395242136
"305434684",commercial,"1463","1","24062",24062 LEUVEN,"7",LEUVEN,0.00223682340509829
"305434686",commercial,"1458","1","24062",24062 LEUVEN,"7",LEUVEN,0.00545835936893176
"305434687",retail,"1463","1","24062",24062 LEUVEN,"7",LEUVEN,0.00435542591901775
"305434688",retail,"1458","1","24062",24062 LEUVEN,"7",LEUVEN,0.00167248872346172
"305434688",retail,"1463","1","24062",24062 LEUVEN,"7",LEUVEN,0.00155038905693847
"305434689",retail,"1463","1","24062",24062 LEUVEN,"7",LEUVEN,0.00475153268976242
"305521401",retail,"1463","1","24062",24062 LEUVEN,"7",LEUVEN,0.0018200580433133
"305521401",retail,"1464","1","24062",24062 LEUVEN,"7",LEUVEN,0.00291211401405049
"305552000",commercial,"1459","1","24062",24062 LEUVEN,"7",LEUVEN,0.000485974862867966
"305552001",retail,"1459","1","24062",24062 LEUVEN,"7",LEUVEN,0.000809737908669747
"305552002",residential,"1458","1","24062",24062 LEUVEN,"7",LEUVEN,0.00324976654432621
"305552002",residential,"1459","1","24062",24062 LEUVEN,"7",LEUVEN,1.90463534928858e-06
"305552004",retail,"1458","1","24062",24062 LEUVEN,"7",LEUVEN,2.3726865882054e-08
"305552004",retail,"1459","1","24062",24062 LEUVEN,"7",LEUVEN,0.00369826707660733
"305552006",residential,"1459","1","24062",24062 LEUVEN,"7",LEUVEN,0.00550988700876851
"305552006",residential,"1464","1","24062",24062 LEUVEN,"7",LEUVEN,6.16914487443864e-07
"306420735",residential,"1459","1","24062",24062 LEUVEN,"7",LEUVEN,1.1239429358393e-06
"306420735",residential,"1464","1","24062",24062 LEUVEN,"7",LEUVEN,0.00172584941148944
"306448615",residential,"1464","1","24062",24062 LEUVEN,"7",LEUVEN,0.00693037476969091
"306448616",residential,"1464","1","24062",24062 LEUVEN,"7",LEUVEN,0.00157247281303641
"306448618",residential,"1464","1","24062",24062 LEUVEN,"7",LEUVEN,0.00209969934025034
"306448621",residential,"1464","1","24062",24062 LEUVEN,"7",LEUVEN,0.000462192112457007
"306448634",recreation_ground,"1462","1","24062",24062 LEUVEN,"7",LEUVEN,0.000133455380038358
"306448634",recreation_ground,"1464","1","24062",24062 LEUVEN,"7",LEUVEN,0.00148371399269463
"306585983",residential,"1462","1","24062",24062 LEUVEN,"7",LEUVEN,0.00180822952944832
"306585983",residential,"1464","1","24062",24062 LEUVEN,"7",LEUVEN,1.5133339738939e-05
"306585984",commercial,"1459","1","24062",24062 LEUVEN,"7",LEUVEN,0.0056005706658049
"306585985",residential,"1459","1","24062",24062 LEUVEN,"7",LEUVEN,0.004516584266669
"306585986",commercial,"1464","1","24062",24062 LEUVEN,"7",LEUVEN,0.00775701699259039
"306871586",residential,"1461","1","24062",24062 LEUVEN,"7",LEUVEN,0.00676345467104949
"306871587",recreation_ground,"1459","1","24062",24062 LEUVEN,"7",LEUVEN,0.0034049978763026
"306871587",recreation_ground,"1462","1","24062",24062 LEUVEN,"7",LEUVEN,0.000264777796935537
"306871588",residential,"1459","1","24062",24062 LEUVEN,"7",LEUVEN,0.00493151770775276
"306871588",residential,"1462","1","24062",24062 LEUVEN,"7",LEUVEN,0.00823725574645575
"306871588",residential,"1464","1","24062",24062 LEUVEN,"7",LEUVEN,5.59866254962981e-06
"306871589",residential,"1462","1","24062",24062 LEUVEN,"7",LEUVEN,0.00649192599529447
"306879868",residential,"1461","1","24062",24062 LEUVEN,"7",LEUVEN,0.00548489451800326
"306879868",residential,"1462","1","24062",24062 LEUVEN,"7",LEUVEN,4.90692469787318e-05
"306879869",residential,"1462","1","24062",24062 LEUVEN,"7",LEUVEN,0.0171688372667294
"306879869",residential,"1464","1","24062",24062 LEUVEN,"7",LEUVEN,0.000162894396487623
"306879870",commercial,"1462","1","24062",24062 LEUVEN,"7",LEUVEN,0.00650008147092909
"306879870",commercial,"1464","1","24062",24062 LEUVEN,"7",LEUVEN,1.96258656964055e-05
"306879871",residential,"1461","1","24062",24062 LEUVEN,"7",LEUVEN,0.00709638533696998
"306879871",residential,"1462","1","24062",24062 LEUVEN,"7",LEUVEN,0.00598804948915914
"306879875",residential,"1462","1","24062",24062 LEUVEN,"7",LEUVEN,0.0159130766985351
"307477577",residential,"1493","1","24062",24062 LEUVEN,"7",LEUVEN,0.000847968466222286
"308936338",retail,"1464","1","24062",24062 LEUVEN,"7",LEUVEN,0.00100774544453993
"308936339",commercial,"1464","1","24062",24062 LEUVEN,"7",LEUVEN,0.00147422817215603
"308936341",residential,"1464","1","24062",24062 LEUVEN,"7",LEUVEN,0.00987020827179123
"308973528",residential,"1464","1","24062",24062 LEUVEN,"7",LEUVEN,0.0238633830650626
"310389735",residential,"1474","1","24062",24062 LEUVEN,"7",LEUVEN,0.00442983487315662
"310993425",retail,"1463","1","24062",24062 LEUVEN,"7",LEUVEN,0.00493841135065723
"311008315",residential,"1462","1","24062",24062 LEUVEN,"7",LEUVEN,0.000797012659096159
"311008317",residential,"1462","1","24062",24062 LEUVEN,"7",LEUVEN,0.00167398557865154
"311329590",residential,"1464","1","24062",24062 LEUVEN,"7",LEUVEN,0.00389862088450231
"311329591",commercial,"1463","1","24062",24062 LEUVEN,"7",LEUVEN,0.00022520363666676
"311329591",commercial,"1464","1","24062",24062 LEUVEN,"7",LEUVEN,0.00533123605902493
"311329592",retail,"1463","1","24062",24062 LEUVEN,"7",LEUVEN,0.00173496983026084
"311329592",retail,"1464","1","24062",24062 LEUVEN,"7",LEUVEN,0.000259603721197695
"312495540",residential,"1463","1","24062",24062 LEUVEN,"7",LEUVEN,0.00282583054652042
"312495541",retail,"1463","1","24062",24062 LEUVEN,"7",LEUVEN,0.00196919343833369
"312495542",commercial,"1463","1","24062",24062 LEUVEN,"7",LEUVEN,0.000206782918401062
"312495543",retail,"1463","1","24062",24062 LEUVEN,"7",LEUVEN,7.84830568907782e-05
"312825869",residential,"1463","1","24062",24062 LEUVEN,"7",LEUVEN,0.0022978622584641
"312825874",retail,"1463","1","24062",24062 LEUVEN,"7",LEUVEN,0.00389798770360555
"313065077",residential,"1474","1","24062",24062 LEUVEN,"7",LEUVEN,0.00267313012486696
"313304278",retail,"1463","1","24062",24062 LEUVEN,"7",LEUVEN,0.00375150047326379
"313304278",retail,"1464","1","24062",24062 LEUVEN,"7",LEUVEN,0.00519368060539663
"313304281",residential,"1463","1","24062",24062 LEUVEN,"7",LEUVEN,0.000297470428232104
"313304281",residential,"1464","1","24062",24062 LEUVEN,"7",LEUVEN,0.018152006830758
"313304283",residential,"1464","1","24062",24062 LEUVEN,"7",LEUVEN,0.000332423811752349
"313751269",residential,"1462","1","24062",24062 LEUVEN,"7",LEUVEN,0.000202985152431764
"313883289",residential,"1465","1","24062",24062 LEUVEN,"7",LEUVEN,0.00327139874370152
"313883291",residential,"1465","1","24062",24062 LEUVEN,"7",LEUVEN,0.0038067904888331
"314474912",commercial,"1462","1","24062",24062 LEUVEN,"7",LEUVEN,0.000818159801511792
"314474913",industrial,"1462","1","24062",24062 LEUVEN,"7",LEUVEN,0.00114485139825415
"314476190",residential,"1462","1","24062",24062 LEUVEN,"7",LEUVEN,0.014191706456834
"314629152",residential,"1462","1","24062",24062 LEUVEN,"7",LEUVEN,0.0210733794700084
"314629154",commercial,"1462","1","24062",24062 LEUVEN,"7",LEUVEN,0.0185093495399319
"315785037",residential,"1465","1","24062",24062 LEUVEN,"7",LEUVEN,0.00151822735601105
"315812999",commercial,"1462","1","24062",24062 LEUVEN,"7",LEUVEN,0.00018805393286515
"315812999",commercial,"1465","1","24062",24062 LEUVEN,"7",LEUVEN,0.00235965800074488
"315813000",residential,"1465","1","24062",24062 LEUVEN,"7",LEUVEN,0.000507060881149024
"315813002",commercial,"1465","1","24062",24062 LEUVEN,"7",LEUVEN,0.00822763792827446
"315813003",residential,"1465","1","24062",24062 LEUVEN,"7",LEUVEN,0.00495306971701747
"315813004",recreation_ground,"1462","1","24062",24062 LEUVEN,"7",LEUVEN,0.00514420123650692
"315813004",recreation_ground,"1465","1","24062",24062 LEUVEN,"7",LEUVEN,0.00205505027984641
"315813006",residential,"1465","1","24062",24062 LEUVEN,"7",LEUVEN,0.0117906097875765
"316395291",commercial,"1463","1","24062",24062 LEUVEN,"7",LEUVEN,9.61689177968074e-05
"316395291",commercial,"1466","1","24062",24062 LEUVEN,"7",LEUVEN,0.0223068224804387
"316395292",residential,"1462","1","24062",24062 LEUVEN,"7",LEUVEN,0.000506763318840414
"316395292",residential,"1465","1","24062",24062 LEUVEN,"7",LEUVEN,0.01288971663322
"316579228",residential,"1463","1","24062",24062 LEUVEN,"7",LEUVEN,0.00121270674210973
"316579228",residential,"1465","1","24062",24062 LEUVEN,"7",LEUVEN,0.00920653631880507
"316579237",residential,"1465","1","24062",24062 LEUVEN,"7",LEUVEN,0.0105907953931924
"317352412",retail,"1466","1","24062",24062 LEUVEN,"7",LEUVEN,0.0081482424019631
"317352412",retail,"1474","1","24062",24062 LEUVEN,"7",LEUVEN,9.64481510221958e-07
"317358730",retail,"1466","1","24062",24062 LEUVEN,"7",LEUVEN,0.00308979038582649
"317384358",residential,"1465","1","24062",24062 LEUVEN,"7",LEUVEN,0.000667365210963995
"317384359",retail,"1463","1","24062",24062 LEUVEN,"7",LEUVEN,0.000438033483549952
"317384360",residential,"1465","1","24062",24062 LEUVEN,"7",LEUVEN,0.00122732257200219
"317384362",residential,"1463","1","24062",24062 LEUVEN,"7",LEUVEN,0.0014687856540205
"317384362",residential,"1465","1","24062",24062 LEUVEN,"7",LEUVEN,0.0119389703325219
"317573559",retail,"1463","1","24062",24062 LEUVEN,"7",LEUVEN,0.00188241675406694
"317573559",retail,"1465","1","24062",24062 LEUVEN,"7",LEUVEN,0.0019411641723644
"318598406",residential,"1463","1","24062",24062 LEUVEN,"7",LEUVEN,0.000150077923520934
"318598407",residential,"1463","1","24062",24062 LEUVEN,"7",LEUVEN,0.000513592943320051
"318598408",residential,"1463","1","24062",24062 LEUVEN,"7",LEUVEN,0.000612805688886903
"318598411",retail,"1463","1","24062",24062 LEUVEN,"7",LEUVEN,0.00266920650655567
"318701564",commercial,"1463","1","24062",24062 LEUVEN,"7",LEUVEN,0.00026721735892375
"318701565",retail,"1463","1","24062",24062 LEUVEN,"7",LEUVEN,0.000315118932215963
"318701566",commercial,"1463","1","24062",24062 LEUVEN,"7",LEUVEN,0.00122489403270744
"318701567",residential,"1463","1","24062",24062 LEUVEN,"7",LEUVEN,0.00206993362865178
"318701568",residential,"1463","1","24062",24062 LEUVEN,"7",LEUVEN,0.00560336556551093
"318701569",retail,"1463","1","24062",24062 LEUVEN,"7",LEUVEN,0.000194083091821522
"319454047",commercial,"1463","1","24062",24062 LEUVEN,"7",LEUVEN,0.000287622567676008
"319454048",commercial,"1463","1","24062",24062 LEUVEN,"7",LEUVEN,0.000178486191999167
"319454049",retail,"1463","1","24062",24062 LEUVEN,"7",LEUVEN,0.000534182317239232
"319454050",commercial,"1463","1","24062",24062 LEUVEN,"7",LEUVEN,0.00447951191003807
"319454051",retail,"1463","1","24062",24062 LEUVEN,"7",LEUVEN,0.00114041926072305
"319454053",retail,"1463","1","24062",24062 LEUVEN,"7",LEUVEN,7.55036171863321e-05
"319947963",residential,"1484","1","24062",24062 LEUVEN,"7",LEUVEN,0.0111043666864434
"322877658",residential,"1463","1","24062",24062 LEUVEN,"7",LEUVEN,0.000885448145322502
"322877660",commercial,"1463","1","24062",24062 LEUVEN,"7",LEUVEN,0.00203839436695073
"322877661",residential,"1463","1","24062",24062 LEUVEN,"7",LEUVEN,0.000990663342364132
"322877663",retail,"1463","1","24062",24062 LEUVEN,"7",LEUVEN,0.0003213215887025
"325489477",residential,"1463","1","24062",24062 LEUVEN,"7",LEUVEN,0.00208225740798842
"325489478",retail,"1463","1","24062",24062 LEUVEN,"7",LEUVEN,0.00121672557647154
"325489479",retail,"1463","1","24062",24062 LEUVEN,"7",LEUVEN,0.00314689909075387
"325489480",retail,"1463","1","24062",24062 LEUVEN,"7",LEUVEN,0.00577533543192875
"329535537",residential,"1474","1","24062",24062 LEUVEN,"7",LEUVEN,0.0036049351619184
"361723981",commercial,"1475","1","24062",24062 LEUVEN,"7",LEUVEN,0.0221324184357121
"361860449",retail,"1458","1","24062",24062 LEUVEN,"7",LEUVEN,0.000637742583093459
"361881223",residential,"1463","1","24062",24062 LEUVEN,"7",LEUVEN,5.12394898710772e-05
"361881223",residential,"1465","1","24062",24062 LEUVEN,"7",LEUVEN,0.0248202536935551
"361881224",retail,"1463","1","24062",24062 LEUVEN,"7",LEUVEN,0.000673933710638434
"361881224",retail,"1465","1","24062",24062 LEUVEN,"7",LEUVEN,0.000332217370561324
"361902069",retail,"1458","1","24062",24062 LEUVEN,"7",LEUVEN,0.00140328748662444
"362794276",residential,"1458","1","24062",24062 LEUVEN,"7",LEUVEN,0.000516549246544018
"362794279",commercial,"1458","1","24062",24062 LEUVEN,"7",LEUVEN,0.00115666110328375
"362794286",residential,"1458","1","24062",24062 LEUVEN,"7",LEUVEN,0.000213262021450326
"362794289",retail,"1458","1","24062",24062 LEUVEN,"7",LEUVEN,0.000544565453419345
"362794294",commercial,"1458","1","24062",24062 LEUVEN,"7",LEUVEN,0.00264168457010388
"362794299",retail,"1458","1","24062",24062 LEUVEN,"7",LEUVEN,0.00481220616958151
"362794305",retail,"1458","1","24062",24062 LEUVEN,"7",LEUVEN,0.000388939946312457
"371242788",residential,"1469","1","24062",24062 LEUVEN,"7",LEUVEN,0.00479735447770893
"379735507",residential,"1458","1","24062",24062 LEUVEN,"7",LEUVEN,0.000106970219191164
"379735507",residential,"1468","1","24062",24062 LEUVEN,"7",LEUVEN,5.59866008320823e-05
"379735509",retail,"1458","1","24062",24062 LEUVEN,"7",LEUVEN,0.000613452664425597
"379735509",retail,"1463","1","24062",24062 LEUVEN,"7",LEUVEN,0.00105078008360742
"379735509",retail,"1468","1","24062",24062 LEUVEN,"7",LEUVEN,0.000761150159073993
"379735510",residential,"1468","1","24062",24062 LEUVEN,"7",LEUVEN,9.64393311669119e-05
"379735511",residential,"1463","1","24062",24062 LEUVEN,"7",LEUVEN,1.45243855472654e-05
"379735511",residential,"1468","1","24062",24062 LEUVEN,"7",LEUVEN,0.000215708482340444
"379749252",retail,"1458","1","24062",24062 LEUVEN,"7",LEUVEN,0.000363316610927694
"379749252",retail,"1468","1","24062",24062 LEUVEN,"7",LEUVEN,0.000213894445903599
"379749253",residential,"1458","1","24062",24062 LEUVEN,"7",LEUVEN,4.7601130342111e-05
"379749253",residential,"1468","1","24062",24062 LEUVEN,"7",LEUVEN,0.000341636387543753
"379749255",retail,"1458","1","24062",24062 LEUVEN,"7",LEUVEN,0.000812392060524784
"379749255",retail,"1468","1","24062",24062 LEUVEN,"7",LEUVEN,0.000911740269907285
"379749255",retail,"1469","1","24062",24062 LEUVEN,"7",LEUVEN,0.000399664002411067
"379749256",residential,"1458","1","24062",24062 LEUVEN,"7",LEUVEN,5.12193645909429e-06
"379749256",residential,"1468","1","24062",24062 LEUVEN,"7",LEUVEN,0.000212465399492998
"379749257",retail,"1468","1","24062",24062 LEUVEN,"7",LEUVEN,0.00026498849417083
"379769434",residential,"1463","1","24062",24062 LEUVEN,"7",LEUVEN,6.40729738362133e-05
"379769434",residential,"1468","1","24062",24062 LEUVEN,"7",LEUVEN,5.41840171953663e-05
"379769435",retail,"1463","1","24062",24062 LEUVEN,"7",LEUVEN,0.00128850163655542
"379769435",retail,"1468","1","24062",24062 LEUVEN,"7",LEUVEN,0.00593685928153875
"385583162",commercial,"1468","1","24062",24062 LEUVEN,"7",LEUVEN,0.000565809558421839
"385583163",retail,"1458","1","24062",24062 LEUVEN,"7",LEUVEN,0.00173957232731557
"385583164",retail,"1463","1","24062",24062 LEUVEN,"7",LEUVEN,0.000866138278492726
"385583164",retail,"1468","1","24062",24062 LEUVEN,"7",LEUVEN,0.00106652702281578
"385589761",retail,"1458","1","24062",24062 LEUVEN,"7",LEUVEN,0.00213729385547969
"387359036",retail,"1458","1","24062",24062 LEUVEN,"7",LEUVEN,0.00212252267968981
"387359036",retail,"1460","1","24062",24062 LEUVEN,"7",LEUVEN,3.25221571559086e-06
"387359039",residential,"1458","1","24062",24062 LEUVEN,"7",LEUVEN,0.00102363526769169
"387359042",retail,"1458","1","24062",24062 LEUVEN,"7",LEUVEN,0.00525873636423051
"395354556",industrial,"1476","1","24062",24062 LEUVEN,"7",LEUVEN,0.00118273444127524
"395354556",industrial,"1477","1","24062",24062 LEUVEN,"7",LEUVEN,0.0479400102419527
"416326673",residential,"1474","1","24062",24062 LEUVEN,"7",LEUVEN,0.00201295262986422
"416326676",industrial,"1474","1","24062",24062 LEUVEN,"7",LEUVEN,0.00550554468499124
"452302236",retail,"1458","1","24062",24062 LEUVEN,"7",LEUVEN,0.000521222234639339
"452302237",retail,"1458","1","24062",24062 LEUVEN,"7",LEUVEN,0.000515334939082153
"452308643",retail,"1458","1","24062",24062 LEUVEN,"7",LEUVEN,0.00345136278482596
"452308643",retail,"1460","1","24062",24062 LEUVEN,"7",LEUVEN,4.78190086586401e-05
"452308644",residential,"1458","1","24062",24062 LEUVEN,"7",LEUVEN,0.00117621967921522
"453538058",retail,"1458","1","24062",24062 LEUVEN,"7",LEUVEN,0.00110325634945527
"453538058",retail,"1460","1","24062",24062 LEUVEN,"7",LEUVEN,1.33039755905047e-05
"453538069",commercial,"1458","1","24062",24062 LEUVEN,"7",LEUVEN,0.00159775800611498
"453538071",residential,"1458","1","24062",24062 LEUVEN,"7",LEUVEN,0.000279536789450329
"453538072",retail,"1458","1","24062",24062 LEUVEN,"7",LEUVEN,0.000991833417256363
"453538108",retail,"1458","1","24062",24062 LEUVEN,"7",LEUVEN,0.000709505897482857
"453538109",commercial,"1458","1","24062",24062 LEUVEN,"7",LEUVEN,0.00282384716315242
"453538110",residential,"1458","1","24062",24062 LEUVEN,"7",LEUVEN,0.000382825173541438
"453538111",retail,"1458","1","24062",24062 LEUVEN,"7",LEUVEN,0.000225268216553144
"453808501",residential,"1458","1","24062",24062 LEUVEN,"7",LEUVEN,0.00104624716886599
"453808501",residential,"1460","1","24062",24062 LEUVEN,"7",LEUVEN,6.66756477579474e-06
"453808522",retail,"1458","1","24062",24062 LEUVEN,"7",LEUVEN,0.00141305969874631
"453808522",retail,"1460","1","24062",24062 LEUVEN,"7",LEUVEN,2.20259380713105e-06
"453808523",residential,"1458","1","24062",24062 LEUVEN,"7",LEUVEN,0.00236236744400812
"453808581",residential,"1458","1","24062",24062 LEUVEN,"7",LEUVEN,0.00370987181236735
"454066112",commercial,"1460","1","24062",24062 LEUVEN,"7",LEUVEN,0.00590811524826696
"454066114",residential,"1458","1","24062",24062 LEUVEN,"7",LEUVEN,1.25881912938785e-05
"454066114",residential,"1460","1","24062",24062 LEUVEN,"7",LEUVEN,0.00194766612060741
"454066164",retail,"1458","1","24062",24062 LEUVEN,"7",LEUVEN,0.000278904981399886
"454066165",residential,"1458","1","24062",24062 LEUVEN,"7",LEUVEN,0.00323517950991541
"454930583",residential,"1462","1","24062",24062 LEUVEN,"7",LEUVEN,0.00396966273978725
"454931754",residential,"1458","1","24062",24062 LEUVEN,"7",LEUVEN,0.000279065263517041
"454931754",residential,"1460","1","24062",24062 LEUVEN,"7",LEUVEN,0.00163142063697567
"454931756",retail,"1458","1","24062",24062 LEUVEN,"7",LEUVEN,8.34804893394175e-06
"454931756",retail,"1460","1","24062",24062 LEUVEN,"7",LEUVEN,0.00108256063731038
"454963294",commercial,"1468","1","24062",24062 LEUVEN,"7",LEUVEN,0.0157032497641123
"454963294",commercial,"1469","1","24062",24062 LEUVEN,"7",LEUVEN,0.00162634186257282
"454963296",commercial,"1460","1","24062",24062 LEUVEN,"7",LEUVEN,0.00131206331647199
"454963296",commercial,"1469","1","24062",24062 LEUVEN,"7",LEUVEN,0.000343050943415845
"454963307",residential,"1460","1","24062",24062 LEUVEN,"7",LEUVEN,0.000904379663161002
"454963307",residential,"1469","1","24062",24062 LEUVEN,"7",LEUVEN,0.000656851370879158
"454963310",residential,"1460","1","24062",24062 LEUVEN,"7",LEUVEN,0.00198365613931417
"454963311",retail,"1458","1","24062",24062 LEUVEN,"7",LEUVEN,0.000238351009208709
"454963311",retail,"1460","1","24062",24062 LEUVEN,"7",LEUVEN,0.000964703459078446
"454963311",retail,"1469","1","24062",24062 LEUVEN,"7",LEUVEN,5.4155393616762e-05
"455547722",residential,"1460","1","24062",24062 LEUVEN,"7",LEUVEN,0.000678293651998043
"455547725",commercial,"1460","1","24062",24062 LEUVEN,"7",LEUVEN,0.00505193873977965
"458546674",residential,"1468","1","24062",24062 LEUVEN,"7",LEUVEN,0.000269266176767647
"458546678",retail,"1468","1","24062",24062 LEUVEN,"7",LEUVEN,0.00069790262503922
"458546681",residential,"1468","1","24062",24062 LEUVEN,"7",LEUVEN,0.000878891517937183
"458546684",residential,"1468","1","24062",24062 LEUVEN,"7",LEUVEN,0.00166750366900116
"458546686",commercial,"1468","1","24062",24062 LEUVEN,"7",LEUVEN,0.00158240594550222
"459446542",residential,"1468","1","24062",24062 LEUVEN,"7",LEUVEN,0.00547583959486056
"459446543",retail,"1463","1","24062",24062 LEUVEN,"7",LEUVEN,0.00212309283060022
"459446543",retail,"1468","1","24062",24062 LEUVEN,"7",LEUVEN,0.00638658814467117
"459455929",commercial,"1459","1","24062",24062 LEUVEN,"7",LEUVEN,0.00164715063253604
"460981415",retail,"1463","1","24062",24062 LEUVEN,"7",LEUVEN,0.00046914606889803
"460981416",retail,"1463","1","24062",24062 LEUVEN,"7",LEUVEN,0.000456664105285425
"460981416",retail,"1467","1","24062",24062 LEUVEN,"7",LEUVEN,8.5073773407843e-05
"460981417",commercial,"1463","1","24062",24062 LEUVEN,"7",LEUVEN,0.000923145025111735
"460981417",commercial,"1467","1","24062",24062 LEUVEN,"7",LEUVEN,0.00274616182703373
"460981418",residential,"1467","1","24062",24062 LEUVEN,"7",LEUVEN,0.0121098638946079
"460981419",residential,"1467","1","24062",24062 LEUVEN,"7",LEUVEN,0.000391876195076853
"460981420",residential,"1463","1","24062",24062 LEUVEN,"7",LEUVEN,0.00021216812864691
"460981420",residential,"1467","1","24062",24062 LEUVEN,"7",LEUVEN,0.000507262023584917
"460981421",retail,"1463","1","24062",24062 LEUVEN,"7",LEUVEN,0.000225803931836039
"460981421",retail,"1467","1","24062",24062 LEUVEN,"7",LEUVEN,0.000315312865882646
"460981422",commercial,"1463","1","24062",24062 LEUVEN,"7",LEUVEN,0.00284706449367478
"460981422",commercial,"1467","1","24062",24062 LEUVEN,"7",LEUVEN,0.00907551636572799
"460981433",retail,"1463","1","24062",24062 LEUVEN,"7",LEUVEN,0.00027885579552874
"460981433",retail,"1467","1","24062",24062 LEUVEN,"7",LEUVEN,0.000623794121270999
"460981434",commercial,"1463","1","24062",24062 LEUVEN,"7",LEUVEN,0.000281926672443747
"460981434",commercial,"1467","1","24062",24062 LEUVEN,"7",LEUVEN,0.000419517272645608
"460981435",retail,"1463","1","24062",24062 LEUVEN,"7",LEUVEN,0.000418137104317546
"460981435",retail,"1467","1","24062",24062 LEUVEN,"7",LEUVEN,0.000486783692433557
"461159353",residential,"1495","1","24062",24062 LEUVEN,"7",LEUVEN,0.0194542611085884
"483720841",residential,"1496","1","24062",24062 LEUVEN,"7",LEUVEN,0.0491298833481257
"510485126",residential,"1459","1","24062",24062 LEUVEN,"7",LEUVEN,0.00320925577188935
"510485127",residential,"1459","1","24062",24062 LEUVEN,"7",LEUVEN,0.00428510793252895
"510485127",residential,"1460","1","24062",24062 LEUVEN,"7",LEUVEN,1.50402956753969e-05
"510485131",residential,"1459","1","24062",24062 LEUVEN,"7",LEUVEN,0.00946733024522004
"510485132",commercial,"1459","1","24062",24062 LEUVEN,"7",LEUVEN,0.00924495402437309
"510485141",retail,"1459","1","24062",24062 LEUVEN,"7",LEUVEN,0.0024706555663473
"510485143",residential,"1459","1","24062",24062 LEUVEN,"7",LEUVEN,0.00107528557335329
"510485144",retail,"1459","1","24062",24062 LEUVEN,"7",LEUVEN,0.000550821836939664
"510790353",residential,"1462","1","24062",24062 LEUVEN,"7",LEUVEN,0.00387627468426339
"521875428",residential,"1469","1","24062",24062 LEUVEN,"7",LEUVEN,0.00726072995805182
"522201404",residential,"1473","1","24062",24062 LEUVEN,"7",LEUVEN,0.00896418580584135
"522201405",residential,"1473","1","24062",24062 LEUVEN,"7",LEUVEN,0.00171090645020921
"522201406",residential,"1473","1","24062",24062 LEUVEN,"7",LEUVEN,0.00153585210200772
"523751602",residential,"1459","1","24062",24062 LEUVEN,"7",LEUVEN,0.0193827814151482
"523751605",residential,"1459","1","24062",24062 LEUVEN,"7",LEUVEN,0.00534180908697844
"523751607",residential,"1459","1","24062",24062 LEUVEN,"7",LEUVEN,0.00318645668667555
"523751609",residential,"1459","1","24062",24062 LEUVEN,"7",LEUVEN,0.00518910263826419
"523781935",residential,"1459","1","24062",24062 LEUVEN,"7",LEUVEN,1.73003719318658e-05
"523781935",residential,"1460","1","24062",24062 LEUVEN,"7",LEUVEN,0.000792987795719877
"525621262",residential,"1464","1","24062",24062 LEUVEN,"7",LEUVEN,0.0158072617833307
"527919916",retail,"1468","1","24062",24062 LEUVEN,"7",LEUVEN,0.00129840426350385
"527919916",retail,"1469","1","24062",24062 LEUVEN,"7",LEUVEN,0.00276389420304447
"527919917",retail,"1468","1","24062",24062 LEUVEN,"7",LEUVEN,0.00343118016163446
"528522848",retail,"1460","1","24062",24062 LEUVEN,"7",LEUVEN,0.000103582118371734
"528522848",retail,"1469","1","24062",24062 LEUVEN,"7",LEUVEN,0.000555692915937398
"528757013",residential,"1472","1","24062",24062 LEUVEN,"7",LEUVEN,0.0100179097296031
"528757015",residential,"1459","1","24062",24062 LEUVEN,"7",LEUVEN,0.00460212488811882
"529505123",residential,"1469","1","24062",24062 LEUVEN,"7",LEUVEN,0.00295564100687392
"531797199",residential,"1474","1","24062",24062 LEUVEN,"7",LEUVEN,0.0143527419721037
"531797202",residential,"1466","1","24062",24062 LEUVEN,"7",LEUVEN,0.00093717474758625
"531797202",residential,"1474","1","24062",24062 LEUVEN,"7",LEUVEN,0.0196046193163246
"531797203",residential,"1466","1","24062",24062 LEUVEN,"7",LEUVEN,0.000775032813113183
"531797203",residential,"1474","1","24062",24062 LEUVEN,"7",LEUVEN,0.0202624160391428
"531797220",residential,"1474","1","24062",24062 LEUVEN,"7",LEUVEN,0.00219876275527664
"531797220",residential,"1475","1","24062",24062 LEUVEN,"7",LEUVEN,1.17186952289194e-06
"531797242",residential,"1466","1","24062",24062 LEUVEN,"7",LEUVEN,0.020769964951254
"531797242",residential,"1475","1","24062",24062 LEUVEN,"7",LEUVEN,0.000790370683621149
"540676107",residential,"1460","1","24062",24062 LEUVEN,"7",LEUVEN,0.00453352635266515
"540676107",residential,"1469","1","24062",24062 LEUVEN,"7",LEUVEN,1.74112950568087e-07
"540676108",retail,"1460","1","24062",24062 LEUVEN,"7",LEUVEN,5.52263941280544e-05
"540676108",retail,"1469","1","24062",24062 LEUVEN,"7",LEUVEN,0.000275822957596276
"540676117",residential,"1469","1","24062",24062 LEUVEN,"7",LEUVEN,0.00312276155139366
"541389755",retail,"1460","1","24062",24062 LEUVEN,"7",LEUVEN,0.000110081473466009
"541389755",retail,"1469","1","24062",24062 LEUVEN,"7",LEUVEN,4.95773300793953e-05
"541535505",commercial,"1466","1","24062",24062 LEUVEN,"7",LEUVEN,0.000649459700955544
"541535506",residential,"1467","1","24062",24062 LEUVEN,"7",LEUVEN,0.0235260894223435
"541535506",residential,"1469","1","24062",24062 LEUVEN,"7",LEUVEN,1.94646888412535e-08
"550526331",recreation_ground,"1470","1","24062",24062 LEUVEN,"7",LEUVEN,0.000134431304991595
"563658722",residential,"1484","1","24062",24062 LEUVEN,"7",LEUVEN,0.00731192934888136
"563658723",residential,"1484","1","24062",24062 LEUVEN,"7",LEUVEN,0.0388624699416357
"564130884",residential,"1484","1","24062",24062 LEUVEN,"7",LEUVEN,0.0145388851040761
"566147723",residential,"1470","1","24062",24062 LEUVEN,"7",LEUVEN,0.00037794767180481
"566158222",residential,"1470","1","24062",24062 LEUVEN,"7",LEUVEN,0.0118535561144759
"571053558",residential,"1485","1","24062",24062 LEUVEN,"7",LEUVEN,0.00216525325645134
"571053559",residential,"1485","1","24062",24062 LEUVEN,"7",LEUVEN,0.143112851700098
"571053559",residential,"1488","1","24062",24062 LEUVEN,"7",LEUVEN,0.0025604368891106
"574711672",residential,"1484","1","24062",24062 LEUVEN,"7",LEUVEN,0.029229000919868
"579315310",commercial,"1478","1","24062",24062 LEUVEN,"7",LEUVEN,0.00369251120709023
"588078451",residential,"1470","1","24062",24062 LEUVEN,"7",LEUVEN,0.00477446975999535
"588494140",residential,"1469","1","24062",24062 LEUVEN,"7",LEUVEN,0.0112273812196573
"588793870",residential,"1469","1","24062",24062 LEUVEN,"7",LEUVEN,0.00242514740651927
"631586685",residential,"1470","1","24062",24062 LEUVEN,"7",LEUVEN,0.00379402439712
"639559788",residential,"1474","1","24062",24062 LEUVEN,"7",LEUVEN,0.00265631308122165
"648099191",recreation_ground,"1484","1","24062",24062 LEUVEN,"7",LEUVEN,0.00340546296032798
"655220793",residential,"1471","1","24062",24062 LEUVEN,"7",LEUVEN,0.00476739126549882
"655220794",residential,"1471","1","24062",24062 LEUVEN,"7",LEUVEN,0.00394141984275012
"655220855",residential,"1470","1","24062",24062 LEUVEN,"7",LEUVEN,0.0135698428416339
"661733364",residential,"1470","1","24062",24062 LEUVEN,"7",LEUVEN,0.00370687518695695
"661733366",residential,"1470","1","24062",24062 LEUVEN,"7",LEUVEN,0.0169116302913579
"661733368",residential,"1470","1","24062",24062 LEUVEN,"7",LEUVEN,0.0164741998240284
"661802626",residential,"1470","1","24062",24062 LEUVEN,"7",LEUVEN,0.0104231209786516
"661802628",residential,"1470","1","24062",24062 LEUVEN,"7",LEUVEN,0.00428332715273905
"661802629",residential,"1470","1","24062",24062 LEUVEN,"7",LEUVEN,0.00855238201536704
"661802630",residential,"1470","1","24062",24062 LEUVEN,"7",LEUVEN,0.00649469913719106
"661802631",residential,"1470","1","24062",24062 LEUVEN,"7",LEUVEN,0.0116379882520312
"661802632",residential,"1470","1","24062",24062 LEUVEN,"7",LEUVEN,0.0114803741206749
"661802633",residential,"1470","1","24062",24062 LEUVEN,"7",LEUVEN,0.00785273523037037
"662356741",residential,"1460","1","24062",24062 LEUVEN,"7",LEUVEN,0.00141109760445869
"662356745",residential,"1460","1","24062",24062 LEUVEN,"7",LEUVEN,1.23538427962922e-06
"662356745",residential,"1470","1","24062",24062 LEUVEN,"7",LEUVEN,0.00195927702263923
"663483257",residential,"1470","1","24062",24062 LEUVEN,"7",LEUVEN,0.0130378634889713
"663483258",residential,"1470","1","24062",24062 LEUVEN,"7",LEUVEN,0.00287581168193277
"663508965",residential,"1470","1","24062",24062 LEUVEN,"7",LEUVEN,0.0102680378230589
"663531398",residential,"1470","1","24062",24062 LEUVEN,"7",LEUVEN,0.00866644096607302
"663633687",residential,"1470","1","24062",24062 LEUVEN,"7",LEUVEN,0.0109744761441748
"663633689",residential,"1470","1","24062",24062 LEUVEN,"7",LEUVEN,0.00708011971623788
"663906219",residential,"1470","1","24062",24062 LEUVEN,"7",LEUVEN,0.0265454046114565
"664248123",residential,"1469","1","24062",24062 LEUVEN,"7",LEUVEN,0.00133609368278459
"664248125",residential,"1469","1","24062",24062 LEUVEN,"7",LEUVEN,0.000459521468583494
"664254408",residential,"1469","1","24062",24062 LEUVEN,"7",LEUVEN,0.0145913431977575
"664392786",residential,"1470","1","24062",24062 LEUVEN,"7",LEUVEN,0.00414097396325273
"664392789",residential,"1470","1","24062",24062 LEUVEN,"7",LEUVEN,0.0027396818065854
"664487559",industrial,"1501","1","24062",24062 LEUVEN,"7",LEUVEN,2.21883164485917e-05
"664864180",residential,"1470","1","24062",24062 LEUVEN,"7",LEUVEN,0.00388327020919544
"664864181",residential,"1469","1","24062",24062 LEUVEN,"7",LEUVEN,0.000582248766246252
"664864181",residential,"1470","1","24062",24062 LEUVEN,"7",LEUVEN,0.00491024879761552
"664864190",residential,"1469","1","24062",24062 LEUVEN,"7",LEUVEN,0.00392877346798479
"664864190",residential,"1470","1","24062",24062 LEUVEN,"7",LEUVEN,0.0041974251677625
"664864191",residential,"1470","1","24062",24062 LEUVEN,"7",LEUVEN,0.0049487614482902
"668075548",residential,"1469","1","24062",24062 LEUVEN,"7",LEUVEN,0.0195314412042966
"669412375",residential,"1470","1","24062",24062 LEUVEN,"7",LEUVEN,0.00371573209690754
"669412380",residential,"1470","1","24062",24062 LEUVEN,"7",LEUVEN,0.00430622648483852
"669412384",residential,"1469","1","24062",24062 LEUVEN,"7",LEUVEN,0.00408390258276358
"669412384",residential,"1470","1","24062",24062 LEUVEN,"7",LEUVEN,0.00299001010261942
"694962915",residential,"1460","1","24062",24062 LEUVEN,"7",LEUVEN,0.00302292731450971
"694962915",residential,"1471","1","24062",24062 LEUVEN,"7",LEUVEN,0.000503867582166669
"694962916",residential,"1460","1","24062",24062 LEUVEN,"7",LEUVEN,0.00227364240168058
"694962917",residential,"1460","1","24062",24062 LEUVEN,"7",LEUVEN,0.00614222732461557
"694962917",residential,"1471","1","24062",24062 LEUVEN,"7",LEUVEN,1.07960769946658e-08
"695388025",residential,"1460","1","24062",24062 LEUVEN,"7",LEUVEN,0.00390386936851847
"695974342",recreation_ground,"1471","1","24062",24062 LEUVEN,"7",LEUVEN,0.00704179639317673
"698586950",recreation_ground,"1460","1","24062",24062 LEUVEN,"7",LEUVEN,0.000663430660592159
"698620466",residential,"1459","1","24062",24062 LEUVEN,"7",LEUVEN,0.00266202356798074
"698620466",residential,"1472","1","24062",24062 LEUVEN,"7",LEUVEN,0.0238959105602781
"784534145",recreation_ground,"1484","1","24062",24062 LEUVEN,"7",LEUVEN,0.0111726293030567
"814322287",residential,"1472","1","24062",24062 LEUVEN,"7",LEUVEN,0.00123030731538101
"814322288",residential,"1472","1","24062",24062 LEUVEN,"7",LEUVEN,0.00562838394946409
"814322289",residential,"1472","1","24062",24062 LEUVEN,"7",LEUVEN,0.00437199019262607
"814322291",residential,"1472","1","24062",24062 LEUVEN,"7",LEUVEN,0.0175502063054765
"814322607",residential,"1493","1","24062",24062 LEUVEN,"7",LEUVEN,5.23861141409725e-08
"814322607",residential,"1495","1","24062",24062 LEUVEN,"7",LEUVEN,0.018343712092035
"814577851",residential,"1472","1","24062",24062 LEUVEN,"7",LEUVEN,0.012872487413169
"844193514",recreation_ground,"1484","1","24062",24062 LEUVEN,"7",LEUVEN,0.00155034194045514
"850391859",commercial,"1501","1","24062",24062 LEUVEN,"7",LEUVEN,0.0417692596016042
"850391860",industrial,"1475","1","24062",24062 LEUVEN,"7",LEUVEN,0.0298960643074252
"850391861",industrial,"1474","1","24062",24062 LEUVEN,"7",LEUVEN,0.00957104738635686
"850391861",industrial,"1477","1","24062",24062 LEUVEN,"7",LEUVEN,0.0816239506215968
"850394118",residential,"1501","1","24062",24062 LEUVEN,"7",LEUVEN,0.00517716769825038
"850394125",residential,"1501","1","24062",24062 LEUVEN,"7",LEUVEN,0.00793381818749011
"850394126",industrial,"1501","1","24062",24062 LEUVEN,"7",LEUVEN,0.0181534418274909
"850394128",commercial,"1501","1","24062",24062 LEUVEN,"7",LEUVEN,0.0617966005200893
"856766318",residential,"1471","1","24062",24062 LEUVEN,"7",LEUVEN,0.018513635232829
"856766319",residential,"1471","1","24062",24062 LEUVEN,"7",LEUVEN,0.00803166094480416
"856766322",residential,"1471","1","24062",24062 LEUVEN,"7",LEUVEN,0.00415503538900363
"856766323",residential,"1471","1","24062",24062 LEUVEN,"7",LEUVEN,0.0160617344764813
"856766324",residential,"1471","1","24062",24062 LEUVEN,"7",LEUVEN,0.000337705003609066
"856766325",residential,"1471","1","24062",24062 LEUVEN,"7",LEUVEN,0.00303485915110086
"856766326",residential,"1471","1","24062",24062 LEUVEN,"7",LEUVEN,0.00879574003068829
"857260593",residential,"1470","1","24062",24062 LEUVEN,"7",LEUVEN,0.00482306391406897
"857806567",residential,"1486","1","24062",24062 LEUVEN,"7",LEUVEN,0.0286043198378974
"858088472",residential,"1486","1","24062",24062 LEUVEN,"7",LEUVEN,0.0128482411188146
"858148619",residential,"1486","1","24062",24062 LEUVEN,"7",LEUVEN,0.0142445930467695
"858200465",residential,"1486","1","24062",24062 LEUVEN,"7",LEUVEN,0.00215021401573683
"858213619",residential,"1486","1","24062",24062 LEUVEN,"7",LEUVEN,0.0023977852476649
"858829117",residential,"1471","1","24062",24062 LEUVEN,"7",LEUVEN,0.00538643198703916
"858842143",residential,"1470","1","24062",24062 LEUVEN,"7",LEUVEN,0.00405068944781645
"859626045",recreation_ground,"1484","1","24062",24062 LEUVEN,"7",LEUVEN,0.00108719826763682
"862122364",recreation_ground,"1487","1","24062",24062 LEUVEN,"7",LEUVEN,0.000249091086139204
"862122369",recreation_ground,"1487","1","24062",24062 LEUVEN,"7",LEUVEN,0.00346813110906945
"870285089",residential,"1493","1","24062",24062 LEUVEN,"7",LEUVEN,0.0100120890978836
"870285089",residential,"1495","1","24062",24062 LEUVEN,"7",LEUVEN,7.75933657922433e-05
"871523769",residential,"1489","1","24062",24062 LEUVEN,"7",LEUVEN,0.000472802187313209
"891376816",retail,"1463","1","24062",24062 LEUVEN,"7",LEUVEN,0.000340229351111688
"892244043",residential,"1470","1","24062",24062 LEUVEN,"7",LEUVEN,0.012347227147316
"893080761",residential,"1469","1","24062",24062 LEUVEN,"7",LEUVEN,0.00132672612851206
"893080761",residential,"1470","1","24062",24062 LEUVEN,"7",LEUVEN,0.00232653035651334
"894381667",residential,"1481","1","24062",24062 LEUVEN,"7",LEUVEN,0.00632134752689116
"894381668",residential,"1481","1","24062",24062 LEUVEN,"7",LEUVEN,0.00364107527851337
"894381669",residential,"1481","1","24062",24062 LEUVEN,"7",LEUVEN,0.0051918353884997
"894381672",residential,"1481","1","24062",24062 LEUVEN,"7",LEUVEN,0.00512725115012767
"978657120",residential,"1477","1","24062",24062 LEUVEN,"7",LEUVEN,0.00866790753507614
"978657121",residential,"1477","1","24062",24062 LEUVEN,"7",LEUVEN,0.00192810765726306
"1020929043",residential,"1487","1","24062",24062 LEUVEN,"7",LEUVEN,1.62283589444123e-05
"1020929043",residential,"1488","1","24062",24062 LEUVEN,"7",LEUVEN,0.0091039433140019
"1020929044",residential,"1487","1","24062",24062 LEUVEN,"7",LEUVEN,0.00885401620672364
"1020929045",residential,"1487","1","24062",24062 LEUVEN,"7",LEUVEN,0.0162438927550828
"1020929046",residential,"1487","1","24062",24062 LEUVEN,"7",LEUVEN,0.00763008445883356
"1020929047",residential,"1487","1","24062",24062 LEUVEN,"7",LEUVEN,0.0373758081783741
"1020929048",residential,"1487","1","24062",24062 LEUVEN,"7",LEUVEN,0.0641586896143284
"1020929049",residential,"1487","1","24062",24062 LEUVEN,"7",LEUVEN,0.0126397983384575
"1020929050",residential,"1487","1","24062",24062 LEUVEN,"7",LEUVEN,0.0319099604841887
"1020929051",residential,"1487","1","24062",24062 LEUVEN,"7",LEUVEN,0.00514801033653552
"1020929052",residential,"1487","1","24062",24062 LEUVEN,"7",LEUVEN,0.00545314827772276
"1020929053",residential,"1487","1","24062",24062 LEUVEN,"7",LEUVEN,0.00620998623618949
"1020929054",residential,"1487","1","24062",24062 LEUVEN,"7",LEUVEN,0.0251299413905558
"1020929055",residential,"1487","1","24062",24062 LEUVEN,"7",LEUVEN,0.0433329885995574
"1020929055",residential,"1497","1","24062",24062 LEUVEN,"7",LEUVEN,0.0105264569754321
"1020929055",residential,"1498","1","24062",24062 LEUVEN,"7",LEUVEN,0.017359492610798
"1020929056",residential,"1487","1","24062",24062 LEUVEN,"7",LEUVEN,0.0452610050497698
"1020929056",residential,"1498","1","24062",24062 LEUVEN,"7",LEUVEN,0.00157982714992855
"1020929057",residential,"1487","1","24062",24062 LEUVEN,"7",LEUVEN,0.0113444180951966
"1020929057",residential,"1488","1","24062",24062 LEUVEN,"7",LEUVEN,0.000761361352189211
"1020929058",residential,"1487","1","24062",24062 LEUVEN,"7",LEUVEN,0.010348933630879
"1020929059",residential,"1484","1","24062",24062 LEUVEN,"7",LEUVEN,0.038138712834646
"1020929059",residential,"1487","1","24062",24062 LEUVEN,"7",LEUVEN,0.0754966139457327
"1046260145",recreation_ground,"1460","1","24062",24062 LEUVEN,"7",LEUVEN,0.00067686449598847
"1046260148",recreation_ground,"1460","1","24062",24062 LEUVEN,"7",LEUVEN,0.000557735545367002
"1059222741",residential,"1459","1","24062",24062 LEUVEN,"7",LEUVEN,0.00542088468608004
"1083583032",residential,"1478","1","24062",24062 LEUVEN,"7",LEUVEN,0.0138098105305813
"1083583033",residential,"1478","1","24062",24062 LEUVEN,"7",LEUVEN,0.0128098483343562
"1083583034",residential,"1478","1","24062",24062 LEUVEN,"7",LEUVEN,0.0118753228215799
"1083583035",residential,"1478","1","24062",24062 LEUVEN,"7",LEUVEN,0.0138520886277097
"1083583036",residential,"1476","1","24062",24062 LEUVEN,"7",LEUVEN,3.61796862110496e-05
"1083583036",residential,"1478","1","24062",24062 LEUVEN,"7",LEUVEN,0.0309707821449927
"1083583037",residential,"1478","1","24062",24062 LEUVEN,"7",LEUVEN,0.0258859129001023
"1083583039",residential,"1478","1","24062",24062 LEUVEN,"7",LEUVEN,0.00932050893791765
"1083583040",residential,"1478","1","24062",24062 LEUVEN,"7",LEUVEN,0.0161833461951385
"1083583041",residential,"1478","1","24062",24062 LEUVEN,"7",LEUVEN,0.028799095035295
"1083583042",residential,"1478","1","24062",24062 LEUVEN,"7",LEUVEN,0.00413976934679691
"1083583043",residential,"1478","1","24062",24062 LEUVEN,"7",LEUVEN,0.00625911282185977
"1083583044",residential,"1478","1","24062",24062 LEUVEN,"7",LEUVEN,0.00395005933022592
"1083583045",residential,"1478","1","24062",24062 LEUVEN,"7",LEUVEN,0.00899872057009116
"1083583046",industrial,"1478","1","24062",24062 LEUVEN,"7",LEUVEN,0.00226589801026951
"1083583047",residential,"1478","1","24062",24062 LEUVEN,"7",LEUVEN,0.0048579817873931
"1083583048",residential,"1478","1","24062",24062 LEUVEN,"7",LEUVEN,0.00851749126787204
"1083583049",residential,"1478","1","24062",24062 LEUVEN,"7",LEUVEN,0.00667387941646297
"1083583050",residential,"1478","1","24062",24062 LEUVEN,"7",LEUVEN,0.0128359449582696
"1083583051",residential,"1478","1","24062",24062 LEUVEN,"7",LEUVEN,0.00735591069412138
"1083583052",residential,"1478","1","24062",24062 LEUVEN,"7",LEUVEN,0.00151365811623074
"1083583053",residential,"1478","1","24062",24062 LEUVEN,"7",LEUVEN,0.0022227440918386
"1083583054",residential,"1478","1","24062",24062 LEUVEN,"7",LEUVEN,0.00149773441961594
"1083583055",residential,"1478","1","24062",24062 LEUVEN,"7",LEUVEN,0.0043101439854987
"1083583056",residential,"1478","1","24062",24062 LEUVEN,"7",LEUVEN,0.0109883712213691
"1083583057",residential,"1478","1","24062",24062 LEUVEN,"7",LEUVEN,0.00714086192351952
"1083583058",residential,"1478","1","24062",24062 LEUVEN,"7",LEUVEN,0.00217680233971402
"1083583060",residential,"1478","1","24062",24062 LEUVEN,"7",LEUVEN,0.00887043181866035
"1083583061",residential,"1478","1","24062",24062 LEUVEN,"7",LEUVEN,0.00792011066621169
"1090438684",residential,"1498","1","24062",24062 LEUVEN,"7",LEUVEN,0.017610295347841
"1180701",recreation_ground,"1490","1","24062",24062 LEUVEN,"7",LEUVEN,0.0266483970522407
"1335658",industrial,"1489","1","24062",24062 LEUVEN,"7",LEUVEN,5.14524743170477e-05
"1335658",industrial,"1498","1","24062",24062 LEUVEN,"7",LEUVEN,0.00832483421418443
"1335658",industrial,"1500","1","24062",24062 LEUVEN,"7",LEUVEN,0.151504145163562
"2639192",residential,"1496","1","24062",24062 LEUVEN,"7",LEUVEN,0.000522580709408969
"3473167",residential,"1489","1","24062",24062 LEUVEN,"7",LEUVEN,0.00863426611256134
"3676964",residential,"1476","1","24062",24062 LEUVEN,"7",LEUVEN,0.305259922934772
"3676964",residential,"1478","1","24062",24062 LEUVEN,"7",LEUVEN,0.000111140480510425
"3676964",residential,"1479","1","24062",24062 LEUVEN,"7",LEUVEN,1.05084181247042
"3676964",residential,"1480","1","24062",24062 LEUVEN,"7",LEUVEN,0.0420385753876925
"3676964",residential,"1481","1","24062",24062 LEUVEN,"7",LEUVEN,0.493441872177343
"3676964",residential,"1497","1","24062",24062 LEUVEN,"7",LEUVEN,0.00427717776038498
"3765344",residential,"1478","1","24062",24062 LEUVEN,"7",LEUVEN,0.0923411257776287
"3765344",residential,"1479","1","24062",24062 LEUVEN,"7",LEUVEN,0.0973874317535242
"3765344",residential,"1480","1","24062",24062 LEUVEN,"7",LEUVEN,0.104036022951363
"3942406",residential,"1477","1","24062",24062 LEUVEN,"7",LEUVEN,0.0369244692065583
"3994096",residential,"1474","1","24062",24062 LEUVEN,"7",LEUVEN,0.982743900400872
"8049487",residential,"1484","1","24062",24062 LEUVEN,"7",LEUVEN,0.0401132586373218
"8062165",residential,"1485","1","24062",24062 LEUVEN,"7",LEUVEN,0.592774041326515
"8064138",residential,"1485","1","24062",24062 LEUVEN,"7",LEUVEN,0.182484092187008
"8111649",residential,"1484","1","24062",24062 LEUVEN,"7",LEUVEN,0.0157476570246561
"8111649",residential,"1485","1","24062",24062 LEUVEN,"7",LEUVEN,0.00737727352785369
"8128407",residential,"1484","1","24062",24062 LEUVEN,"7",LEUVEN,0.0459203675536292
"14437365",residential,"1476","1","24062",24062 LEUVEN,"7",LEUVEN,0.656464208634247
"14437365",residential,"1477","1","24062",24062 LEUVEN,"7",LEUVEN,7.7793929525651e-06
"14437365",residential,"1478","1","24062",24062 LEUVEN,"7",LEUVEN,0.0331976126354244
"14441943",residential,"1459","1","24062",24062 LEUVEN,"7",LEUVEN,0.00765287701878138
"14441943",residential,"1473","1","24062",24062 LEUVEN,"7",LEUVEN,5.36326029151678e-06
"14453612",residential,"1462","1","24062",24062 LEUVEN,"7",LEUVEN,0.0105484224498434
"106446210",industrial,"1500","1","24062",24062 LEUVEN,"7",LEUVEN,0.00271643783514574
"141570319",recreation_ground,"1497","1","24062",24062 LEUVEN,"7",LEUVEN,0.00420435841067508
"240461988",residential,"1480","1","24062",24062 LEUVEN,"7",LEUVEN,0.0105296649287343
"283762700",recreation_ground,"1479","1","24062",24062 LEUVEN,"7",LEUVEN,0.00214942429639399
"283762702",recreation_ground,"1479","1","24062",24062 LEUVEN,"7",LEUVEN,0.00169230402747914
"295116817",recreation_ground,"1461","1","24062",24062 LEUVEN,"7",LEUVEN,0.00150552400121652
"295242059",retail,"1478","1","24062",24062 LEUVEN,"7",LEUVEN,0.0121758031877116
"787187652",recreation_ground,"1487","1","24062",24062 LEUVEN,"7",LEUVEN,0.000104510311707854
"787187653",recreation_ground,"1487","1","24062",24062 LEUVEN,"7",LEUVEN,0.000803184262356721
"865044661",residential,"1491","1","24062",24062 LEUVEN,"7",LEUVEN,0.000635470465970226
"1084595337",industrial,"1476","1","24062",24062 LEUVEN,"7",LEUVEN,8.98525022342801e-06
"43333574",commercial,"1466","1","24062",24062 LEUVEN,"7",LEUVEN,0.0846715390724093
"92326670",retail,"1497","1","24062",24062 LEUVEN,"7",LEUVEN,0.0293758768775063
"96787665",industrial,"1499","1","24062",24062 LEUVEN,"7",LEUVEN,0.00949828062416427
"96787667",industrial,"1499","1","24062",24062 LEUVEN,"7",LEUVEN,0.0107773841113411
"96790209",industrial,"1499","1","24062",24062 LEUVEN,"7",LEUVEN,0.00429777851837315
"96790211",industrial,"1499","1","24062",24062 LEUVEN,"7",LEUVEN,0.00336409467820171
"96790214",industrial,"1499","1","24062",24062 LEUVEN,"7",LEUVEN,0.00385398011311889
"96848329",industrial,"1499","1","24062",24062 LEUVEN,"7",LEUVEN,0.0216816658566892
"99590443",retail,"1493","1","24062",24062 LEUVEN,"7",LEUVEN,0.00221551408242434
"105447765",industrial,"1487","1","24062",24062 LEUVEN,"7",LEUVEN,0.0069988346193321
"105447765",industrial,"1498","1","24062",24062 LEUVEN,"7",LEUVEN,0.00175535073093418
"285263058",retail,"1459","1","24062",24062 LEUVEN,"7",LEUVEN,0.0013023719671017
"289598215",retail,"1459","1","24062",24062 LEUVEN,"7",LEUVEN,0.000763333473524777
"293787295",commercial,"1461","1","24062",24062 LEUVEN,"7",LEUVEN,0.000863035521164189
"293787296",residential,"1461","1","24062",24062 LEUVEN,"7",LEUVEN,0.00108613200861507
"293834027",residential,"1461","1","24062",24062 LEUVEN,"7",LEUVEN,0.00261892359867907
"312257893",residential,"1464","1","24062",24062 LEUVEN,"7",LEUVEN,0.00318788217047974
"316395294",residential,"1465","1","24062",24062 LEUVEN,"7",LEUVEN,0.0102999883023858
"317573558",retail,"1463","1","24062",24062 LEUVEN,"7",LEUVEN,0.000473144767327467
"317573558",retail,"1465","1","24062",24062 LEUVEN,"7",LEUVEN,4.08683647122234e-06
"322877659",retail,"1463","1","24062",24062 LEUVEN,"7",LEUVEN,0.00089951426388137
"385583161",residential,"1458","1","24062",24062 LEUVEN,"7",LEUVEN,0.000192432648427319
"564093130",commercial,"1484","1","24062",24062 LEUVEN,"7",LEUVEN,0.00467430619503499
"664248124",residential,"1469","1","24062",24062 LEUVEN,"7",LEUVEN,0.00112573781549638
"1083583059",residential,"1478","1","24062",24062 LEUVEN,"7",LEUVEN,0.00529453457394103
"51156460",military,"1488","1","24062",24062 LEUVEN,"7",LEUVEN,0.000670132724747062
"51156462",military,"1488","1","24062",24062 LEUVEN,"7",LEUVEN,0.00131979518930614
"51156465",military,"1488","1","24062",24062 LEUVEN,"7",LEUVEN,0.00138594710336626
"51156466",military,"1488","1","24062",24062 LEUVEN,"7",LEUVEN,0.00220948701445758
"51156468",military,"1488","1","24062",24062 LEUVEN,"7",LEUVEN,0.000425770890012383
"51156470",military,"1488","1","24062",24062 LEUVEN,"7",LEUVEN,0.00190160434834659
"51156472",military,"1488","1","24062",24062 LEUVEN,"7",LEUVEN,0.00141321257422864
"51156473",military,"1488","1","24062",24062 LEUVEN,"7",LEUVEN,0.00175316187420487
"51156474",military,"1488","1","24062",24062 LEUVEN,"7",LEUVEN,0.00189589122743905
"51156475",military,"1488","1","24062",24062 LEUVEN,"7",LEUVEN,0.00244208158695698
"51156476",military,"1488","1","24062",24062 LEUVEN,"7",LEUVEN,0.00236662121281028
"51156477",military,"1488","1","24062",24062 LEUVEN,"7",LEUVEN,0.00170461279517412
"51156478",military,"1488","1","24062",24062 LEUVEN,"7",LEUVEN,0.00303966994664073
"51156479",military,"1488","1","24062",24062 LEUVEN,"7",LEUVEN,0.000415868070930243
"51156480",military,"1488","1","24062",24062 LEUVEN,"7",LEUVEN,0.00124705798254907
"51156487",military,"1488","1","24062",24062 LEUVEN,"7",LEUVEN,0.00206994218477607
"51156489",military,"1488","1","24062",24062 LEUVEN,"7",LEUVEN,0.00106570292799175
"51156490",military,"1488","1","24062",24062 LEUVEN,"7",LEUVEN,0.000988225202620029
"51156491",military,"1488","1","24062",24062 LEUVEN,"7",LEUVEN,0.00159277611595392
"51156492",military,"1488","1","24062",24062 LEUVEN,"7",LEUVEN,0.00165454120664299
"51156493",military,"1488","1","24062",24062 LEUVEN,"7",LEUVEN,0.00321582302320749
"51156494",military,"1488","1","24062",24062 LEUVEN,"7",LEUVEN,0.00142186299368739
"51156495",military,"1488","1","24062",24062 LEUVEN,"7",LEUVEN,0.000568548013046384
"51156496",military,"1488","1","24062",24062 LEUVEN,"7",LEUVEN,0.00131387865018845
"51156497",military,"1488","1","24062",24062 LEUVEN,"7",LEUVEN,0.00161488457755744
"51156498",military,"1488","1","24062",24062 LEUVEN,"7",LEUVEN,0.00174289363919199
"51156697",military,"1488","1","24062",24062 LEUVEN,"7",LEUVEN,0.000740089315101504
"51156698",military,"1488","1","24062",24062 LEUVEN,"7",LEUVEN,0.00111745726339519
"51156699",military,"1488","1","24062",24062 LEUVEN,"7",LEUVEN,0.000984749211759307
"51156700",military,"1488","1","24062",24062 LEUVEN,"7",LEUVEN,0.000573295703373849
"51156701",military,"1488","1","24062",24062 LEUVEN,"7",LEUVEN,0.000880729272291064
"51156702",military,"1488","1","24062",24062 LEUVEN,"7",LEUVEN,0.000905315631993115
"51156703",military,"1488","1","24062",24062 LEUVEN,"7",LEUVEN,0.000262546620123088
"51156704",military,"1488","1","24062",24062 LEUVEN,"7",LEUVEN,0.000393307737462223
"93203099",military,"1488","1","24062",24062 LEUVEN,"7",LEUVEN,0.00165914786683768
"93203102",military,"1488","1","24062",24062 LEUVEN,"7",LEUVEN,0.00165155665436387
"94781952",commercial,"1462","1","24062",24062 LEUVEN,"7",LEUVEN,0.00182144189685769
"105447548",grass,"1498","1","24062",24062 LEUVEN,"7",LEUVEN,0.00736534334151447
"105447777",grass,"1498","1","24062",24062 LEUVEN,"7",LEUVEN,0.00197979218682647
"286880049",commercial,"1459","1","24062",24062 LEUVEN,"7",LEUVEN,0.00024201491124928
"286880051",commercial,"1459","1","24062",24062 LEUVEN,"7",LEUVEN,0.000319735319196247
"290184413",commercial,"1459","1","24062",24062 LEUVEN,"7",LEUVEN,0.00143365403379314
"292056907",retail,"1459","1","24062",24062 LEUVEN,"7",LEUVEN,0.000517809371830896
"292056939",commercial,"1459","1","24062",24062 LEUVEN,"7",LEUVEN,0.000495762612598992
"293517740",residential,"1461","1","24062",24062 LEUVEN,"7",LEUVEN,0.000558012324135751
"304241982",residential,"1462","1","24062",24062 LEUVEN,"7",LEUVEN,0.000995872853399487
"304241983",residential,"1462","1","24062",24062 LEUVEN,"7",LEUVEN,0.00191757376302034
"304241984",residential,"1462","1","24062",24062 LEUVEN,"7",LEUVEN,0.00338479473024607
"304241995",residential,"1462","1","24062",24062 LEUVEN,"7",LEUVEN,0.00319426939296909
"306448620",retail,"1459","1","24062",24062 LEUVEN,"7",LEUVEN,1.14015267759096e-05
"306448620",retail,"1464","1","24062",24062 LEUVEN,"7",LEUVEN,0.000104346427638084
"313880135",retail,"1462","1","24062",24062 LEUVEN,"7",LEUVEN,0.000120273328147829
"314300033",commercial,"1462","1","24062",24062 LEUVEN,"7",LEUVEN,0.000516287530630827
"315813005",retail,"1465","1","24062",24062 LEUVEN,"7",LEUVEN,0.000146211708046496
"337406014",commercial,"1462","1","24062",24062 LEUVEN,"7",LEUVEN,0.00224803530036006
"337406023",residential,"1462","1","24062",24062 LEUVEN,"7",LEUVEN,0.00403914706018427
"361881225",commercial,"1463","1","24062",24062 LEUVEN,"7",LEUVEN,8.7497927762568e-05
"361881225",commercial,"1465","1","24062",24062 LEUVEN,"7",LEUVEN,0.000144282667089254
"361881226",commercial,"1463","1","24062",24062 LEUVEN,"7",LEUVEN,0.000253590021751821
"361881226",commercial,"1465","1","24062",24062 LEUVEN,"7",LEUVEN,0.000202821294367313
"452308647",commercial,"1458","1","24062",24062 LEUVEN,"7",LEUVEN,0.00127742770036869
"488306637",residential,"1473","1","24062",24062 LEUVEN,"7",LEUVEN,5.29842764666537e-05
"27646578",grass,"1471","1","24062",24062 LEUVEN,"7",LEUVEN,0.000852349843972246
"27646584",grass,"1471","1","24062",24062 LEUVEN,"7",LEUVEN,0.000155306473850273
"79699767",grass,"1490","1","24062",24062 LEUVEN,"7",LEUVEN,0.00343679679263383
"92000661",grass,"1487","1","24062",24062 LEUVEN,"7",LEUVEN,0.00322677686062083
"96241580",village_green,"1458","1","24062",24062 LEUVEN,"7",LEUVEN,0.000224998135751113
"98308091",residential,"1470","1","24062",24062 LEUVEN,"7",LEUVEN,0.00285895465061301
"135228432",grass,"1477","1","24062",24062 LEUVEN,"7",LEUVEN,0.000643415797652677
"136457681",recreation_ground,"1477","1","24062",24062 LEUVEN,"7",LEUVEN,0.00305536116401013
"138601716",industrial,"1478","1","24062",24062 LEUVEN,"7",LEUVEN,0.00519869991408661
"276601529",grass,"1476","1","24062",24062 LEUVEN,"7",LEUVEN,0.000903603244333528
"276601529",grass,"1479","1","24062",24062 LEUVEN,"7",LEUVEN,0.00320440327191912
"287316027",residential,"1459","1","24062",24062 LEUVEN,"7",LEUVEN,0.000134625726774335
"295105535",industrial,"1480","1","24062",24062 LEUVEN,"7",LEUVEN,0.0241726438581608
"1083583038",education,"1478","1","24062",24062 LEUVEN,"7",LEUVEN,0.00955612921065604
"8321099",forest,"1466","1","24062",24062 LEUVEN,"7",LEUVEN,0.122436003184773
