osmid,landuse,ZONENUMMER,STGB,NIS_GEM,NIS_GEM_L,VREGIO,VREGIO_L,area_calc
"23792292",industrial,"1588","1","31005",31005 BRUGGE,"3",BRUGGE,0.0210500472182911
"23792292",industrial,"1640","1","31005",31005 BRUGGE,"3",BRUGGE,0.569803964475197
"78168700",commercial,"1600","1","31005",31005 BRUGGE,"3",BRUGGE,0.00221332194457855
"92288221",recreation_ground,"1632","1","31005",31005 BRUGGE,"3",BRUGGE,0.0036162119046431
"100857560",industrial,"1595","1","31005",31005 BRUGGE,"3",BRUGGE,0.0454637600881506
"135999733",commercial,"1588","1","31005",31005 BRUGGE,"3",BRUGGE,0.0222036925930979
"136487228",residential,"1641","1","31005",31005 BRUGGE,"3",BRUGGE,0.00846393473896198
"141889143",residential,"1619","1","31005",31005 BRUGGE,"3",BRUGGE,0.443858415371376
"141891464",residential,"1593","1","31005",31005 BRUGGE,"3",BRUGGE,0.0693645384083535
"141891464",residential,"1619","1","31005",31005 BRUGGE,"3",BRUGGE,0.140499346612931
"151768139",residential,"1634","1","31005",31005 BRUGGE,"3",BRUGGE,0.108666583744847
"151777501",residential,"1633","1","31005",31005 BRUGGE,"3",BRUGGE,0.253515312042684
"151777795",residential,"1633","1","31005",31005 BRUGGE,"3",BRUGGE,0.122444067580319
"151778040",residential,"1633","1","31005",31005 BRUGGE,"3",BRUGGE,0.0905979716862151
"152538985",residential,"1619","1","31005",31005 BRUGGE,"3",BRUGGE,0.105872730837588
"152538985",residential,"1622","1","31005",31005 BRUGGE,"3",BRUGGE,6.25984766741749e-06
"152539535",residential,"1596","1","31005",31005 BRUGGE,"3",BRUGGE,3.66473829625174e-05
"152539535",residential,"1624","1","31005",31005 BRUGGE,"3",BRUGGE,0.0837210792407077
"152540661",residential,"1620","1","31005",31005 BRUGGE,"3",BRUGGE,0.0424292494137397
"152540661",residential,"1621","1","31005",31005 BRUGGE,"3",BRUGGE,0.151966506470525
"152540661",residential,"1624","1","31005",31005 BRUGGE,"3",BRUGGE,0.285827437646054
"152541391",residential,"1620","1","31005",31005 BRUGGE,"3",BRUGGE,0.0698135712029375
"152543411",residential,"1597","1","31005",31005 BRUGGE,"3",BRUGGE,0.000293264243757352
"152543411",residential,"1620","1","31005",31005 BRUGGE,"3",BRUGGE,0.390244686147982
"152543411",residential,"1621","1","31005",31005 BRUGGE,"3",BRUGGE,0.12218491886253
"152543411",residential,"1623","1","31005",31005 BRUGGE,"3",BRUGGE,4.37133844569325e-06
"152551941",residential,"1620","1","31005",31005 BRUGGE,"3",BRUGGE,0.0613878370502684
"152552646",residential,"1620","1","31005",31005 BRUGGE,"3",BRUGGE,0.0213679241900519
"152552646",residential,"1621","1","31005",31005 BRUGGE,"3",BRUGGE,0.00457257561031356
"152557927",residential,"1626","1","31005",31005 BRUGGE,"3",BRUGGE,0.015080143778876
"152558535",residential,"1626","1","31005",31005 BRUGGE,"3",BRUGGE,0.00309472132954095
"152561322",residential,"1625","1","31005",31005 BRUGGE,"3",BRUGGE,0.000899880002908409
"152561322",residential,"1626","1","31005",31005 BRUGGE,"3",BRUGGE,0.507916825890502
"152561322",residential,"1627","1","31005",31005 BRUGGE,"3",BRUGGE,0.00430426255482435
"152566447",residential,"1628","1","31005",31005 BRUGGE,"3",BRUGGE,0.00353806299830356
"152735287",residential,"1628","1","31005",31005 BRUGGE,"3",BRUGGE,0.033866770205867
"152737379",residential,"1628","1","31005",31005 BRUGGE,"3",BRUGGE,0.113162848391213
"152737381",residential,"1628","1","31005",31005 BRUGGE,"3",BRUGGE,0.0897840891789412
"152738168",residential,"1628","1","31005",31005 BRUGGE,"3",BRUGGE,0.0723771628055694
"152738168",residential,"1629","1","31005",31005 BRUGGE,"3",BRUGGE,0.0451124873730382
"152740481",residential,"1629","1","31005",31005 BRUGGE,"3",BRUGGE,0.0130460096539482
"152740481",residential,"1630","1","31005",31005 BRUGGE,"3",BRUGGE,7.7898043692112e-06
"152741678",residential,"1629","1","31005",31005 BRUGGE,"3",BRUGGE,0.034060455584276
"152742246",residential,"1629","1","31005",31005 BRUGGE,"3",BRUGGE,0.00969721160640009
"152742246",residential,"1630","1","31005",31005 BRUGGE,"3",BRUGGE,0.179586218924653
"152742835",residential,"1598","1","31005",31005 BRUGGE,"3",BRUGGE,0.00135326215486974
"152742835",residential,"1630","1","31005",31005 BRUGGE,"3",BRUGGE,0.00767404556839541
"152742837",residential,"1630","1","31005",31005 BRUGGE,"3",BRUGGE,0.184634862105868
"152743670",residential,"1625","1","31005",31005 BRUGGE,"3",BRUGGE,0.000308995342433453
"152743670",residential,"1630","1","31005",31005 BRUGGE,"3",BRUGGE,0.11046808840701
"152744197",residential,"1625","1","31005",31005 BRUGGE,"3",BRUGGE,0.00333232412654068
"152745095",residential,"1625","1","31005",31005 BRUGGE,"3",BRUGGE,0.0469363895861953
"152745095",residential,"1630","1","31005",31005 BRUGGE,"3",BRUGGE,0.0377564900185615
"152745357",residential,"1625","1","31005",31005 BRUGGE,"3",BRUGGE,0.149773081681015
"152745582",residential,"1625","1","31005",31005 BRUGGE,"3",BRUGGE,0.0408316415035548
"152745730",residential,"1625","1","31005",31005 BRUGGE,"3",BRUGGE,0.0842737385237226
"152745815",residential,"1625","1","31005",31005 BRUGGE,"3",BRUGGE,0.0145714540404864
"152745815",residential,"1626","1","31005",31005 BRUGGE,"3",BRUGGE,0.0229342197513189
"152746175",residential,"1626","1","31005",31005 BRUGGE,"3",BRUGGE,0.0470239854174405
"152746335",residential,"1626","1","31005",31005 BRUGGE,"3",BRUGGE,0.0416745489870352
"152746698",residential,"1623","1","31005",31005 BRUGGE,"3",BRUGGE,0.00258839633641392
"152746698",residential,"1625","1","31005",31005 BRUGGE,"3",BRUGGE,0.00437061656963825
"152746698",residential,"1626","1","31005",31005 BRUGGE,"3",BRUGGE,0.161264431759838
"152746769",residential,"1626","1","31005",31005 BRUGGE,"3",BRUGGE,0.0237806799879768
"152746929",residential,"1626","1","31005",31005 BRUGGE,"3",BRUGGE,0.00581010035699839
"152747132",residential,"1623","1","31005",31005 BRUGGE,"3",BRUGGE,0.108642768575113
"152748731",residential,"1625","1","31005",31005 BRUGGE,"3",BRUGGE,0.0714267826614184
"152748904",residential,"1623","1","31005",31005 BRUGGE,"3",BRUGGE,0.10271749533679
"152749229",residential,"1620","1","31005",31005 BRUGGE,"3",BRUGGE,1.30855727568269e-05
"152749229",residential,"1623","1","31005",31005 BRUGGE,"3",BRUGGE,0.0565518829234429
"152751679",residential,"1623","1","31005",31005 BRUGGE,"3",BRUGGE,0.221068494277852
"152751679",residential,"1626","1","31005",31005 BRUGGE,"3",BRUGGE,0.00010855640248023
"152752583",residential,"1625","1","31005",31005 BRUGGE,"3",BRUGGE,2.56215251218528e-05
"152752583",residential,"1626","1","31005",31005 BRUGGE,"3",BRUGGE,0.0321392323641479
"152752586",residential,"1625","1","31005",31005 BRUGGE,"3",BRUGGE,0.000387960129342973
"152752586",residential,"1626","1","31005",31005 BRUGGE,"3",BRUGGE,0.00828604309928417
"152752660",residential,"1628","1","31005",31005 BRUGGE,"3",BRUGGE,0.11058006296264
"152752726",residential,"1625","1","31005",31005 BRUGGE,"3",BRUGGE,0.0181754867165415
"152752726",residential,"1628","1","31005",31005 BRUGGE,"3",BRUGGE,0.127210087858644
"152924318",residential,"1620","1","31005",31005 BRUGGE,"3",BRUGGE,0.136078618895606
"152924318",residential,"1621","1","31005",31005 BRUGGE,"3",BRUGGE,0.00422090076382179
"152924318",residential,"1630","1","31005",31005 BRUGGE,"3",BRUGGE,0.103158882612401
"152924415",residential,"1621","1","31005",31005 BRUGGE,"3",BRUGGE,0.0352168442895247
"152924533",residential,"1597","1","31005",31005 BRUGGE,"3",BRUGGE,0.00315644393871445
"152924533",residential,"1621","1","31005",31005 BRUGGE,"3",BRUGGE,0.0310917003430175
"152924677",residential,"1621","1","31005",31005 BRUGGE,"3",BRUGGE,0.0463332431896869
"152924749",residential,"1621","1","31005",31005 BRUGGE,"3",BRUGGE,0.0157109639915917
"152924842",residential,"1621","1","31005",31005 BRUGGE,"3",BRUGGE,0.0066378189150691
"152924842",residential,"1630","1","31005",31005 BRUGGE,"3",BRUGGE,0.0129013732758164
"152924884",residential,"1630","1","31005",31005 BRUGGE,"3",BRUGGE,0.0752186373807052
"152925277",residential,"1630","1","31005",31005 BRUGGE,"3",BRUGGE,0.064763799616754
"152925442",residential,"1630","1","31005",31005 BRUGGE,"3",BRUGGE,0.0289345203353297
"152925528",residential,"1630","1","31005",31005 BRUGGE,"3",BRUGGE,0.0318130258795433
"152925703",residential,"1630","1","31005",31005 BRUGGE,"3",BRUGGE,0.100759708568785
"152926085",residential,"1625","1","31005",31005 BRUGGE,"3",BRUGGE,0.0559497742832825
"152926085",residential,"1630","1","31005",31005 BRUGGE,"3",BRUGGE,4.82132518198341e-05
"152926490",residential,"1625","1","31005",31005 BRUGGE,"3",BRUGGE,0.0165810279275938
"152926490",residential,"1630","1","31005",31005 BRUGGE,"3",BRUGGE,0.0227869654880143
"152926956",residential,"1630","1","31005",31005 BRUGGE,"3",BRUGGE,0.025280524141443
"152927763",residential,"1630","1","31005",31005 BRUGGE,"3",BRUGGE,0.0267257582293786
"152927992",residential,"1620","1","31005",31005 BRUGGE,"3",BRUGGE,0.0191616617213171
"152927992",residential,"1625","1","31005",31005 BRUGGE,"3",BRUGGE,0.0176414400206655
"152927992",residential,"1630","1","31005",31005 BRUGGE,"3",BRUGGE,0.106469363506552
"152928090",residential,"1625","1","31005",31005 BRUGGE,"3",BRUGGE,0.0105941832222864
"152928147",residential,"1620","1","31005",31005 BRUGGE,"3",BRUGGE,0.0308572413801961
"152928147",residential,"1625","1","31005",31005 BRUGGE,"3",BRUGGE,0.0120300271982886
"152928169",residential,"1623","1","31005",31005 BRUGGE,"3",BRUGGE,0.0177115112368716
"152928198",residential,"1623","1","31005",31005 BRUGGE,"3",BRUGGE,0.0183474704841599
"152928346",residential,"1623","1","31005",31005 BRUGGE,"3",BRUGGE,0.014673721451723
"152930168",residential,"1628","1","31005",31005 BRUGGE,"3",BRUGGE,0.0812410392540796
"153241697",residential,"1632","1","31005",31005 BRUGGE,"3",BRUGGE,0.0387524247445073
"153242529",residential,"1628","1","31005",31005 BRUGGE,"3",BRUGGE,0.0353232419111896
"153242529",residential,"1629","1","31005",31005 BRUGGE,"3",BRUGGE,0.000728209463687614
"153245519",residential,"1637","1","31005",31005 BRUGGE,"3",BRUGGE,0.0237765569749773
"153245519",residential,"1638","1","31005",31005 BRUGGE,"3",BRUGGE,0.240089368006021
"153245670",residential,"1637","1","31005",31005 BRUGGE,"3",BRUGGE,0.0220038269173838
"153245851",residential,"1638","1","31005",31005 BRUGGE,"3",BRUGGE,0.194844810927456
"153245995",residential,"1638","1","31005",31005 BRUGGE,"3",BRUGGE,0.0120757973623527
"153270724",residential,"1633","1","31005",31005 BRUGGE,"3",BRUGGE,0.00394660873241723
"153270724",residential,"1634","1","31005",31005 BRUGGE,"3",BRUGGE,0.0306660564044192
"153270803",residential,"1634","1","31005",31005 BRUGGE,"3",BRUGGE,0.0902775625499505
"153270888",residential,"1634","1","31005",31005 BRUGGE,"3",BRUGGE,0.0402398635785161
"153270941",residential,"1632","1","31005",31005 BRUGGE,"3",BRUGGE,0.0306498482800657
"153270941",residential,"1634","1","31005",31005 BRUGGE,"3",BRUGGE,0.0847303147464413
"153271082",residential,"1634","1","31005",31005 BRUGGE,"3",BRUGGE,0.0211828610020603
"153271648",residential,"1632","1","31005",31005 BRUGGE,"3",BRUGGE,0.0321237733950559
"153271653",residential,"1632","1","31005",31005 BRUGGE,"3",BRUGGE,0.00618439618206024
"153271712",residential,"1632","1","31005",31005 BRUGGE,"3",BRUGGE,0.0338956258575971
"153271737",residential,"1632","1","31005",31005 BRUGGE,"3",BRUGGE,0.0127880403674822
"153271806",residential,"1632","1","31005",31005 BRUGGE,"3",BRUGGE,0.0348631446361071
"153271876",residential,"1631","1","31005",31005 BRUGGE,"3",BRUGGE,8.04075982471404e-05
"153271876",residential,"1632","1","31005",31005 BRUGGE,"3",BRUGGE,0.00372844350969419
"153272014",residential,"1632","1","31005",31005 BRUGGE,"3",BRUGGE,0.175768362167355
"153272215",residential,"1631","1","31005",31005 BRUGGE,"3",BRUGGE,0.00040974382497312
"153272215",residential,"1632","1","31005",31005 BRUGGE,"3",BRUGGE,0.0492308617506406
"153272324",residential,"1632","1","31005",31005 BRUGGE,"3",BRUGGE,0.00520930025131069
"157629175",residential,"1636","1","31005",31005 BRUGGE,"3",BRUGGE,0.270431219675962
"157629175",residential,"1637","1","31005",31005 BRUGGE,"3",BRUGGE,0.0426104543270841
"157629176",residential,"1637","1","31005",31005 BRUGGE,"3",BRUGGE,0.0488385100479126
"157629176",residential,"1638","1","31005",31005 BRUGGE,"3",BRUGGE,0.000570615319495264
"157629177",residential,"1637","1","31005",31005 BRUGGE,"3",BRUGGE,0.126650531233445
"157629527",residential,"1636","1","31005",31005 BRUGGE,"3",BRUGGE,0.0463339993798928
"157629528",residential,"1636","1","31005",31005 BRUGGE,"3",BRUGGE,0.230885757149813
"157629678",residential,"1638","1","31005",31005 BRUGGE,"3",BRUGGE,0.0803732362560673
"157629679",residential,"1640","1","31005",31005 BRUGGE,"3",BRUGGE,0.359805065409199
"157629856",residential,"1636","1","31005",31005 BRUGGE,"3",BRUGGE,0.381101888065638
"157629969",residential,"1636","1","31005",31005 BRUGGE,"3",BRUGGE,0.015738059663909
"157630225",residential,"1636","1","31005",31005 BRUGGE,"3",BRUGGE,0.0956509682901842
"159171671",residential,"1631","1","31005",31005 BRUGGE,"3",BRUGGE,0.0261991134396028
"159174231",residential,"1631","1","31005",31005 BRUGGE,"3",BRUGGE,0.0842935253227527
"159196628",residential,"1639","1","31005",31005 BRUGGE,"3",BRUGGE,0.0417492412090921
"159204548",residential,"1639","1","31005",31005 BRUGGE,"3",BRUGGE,0.0854792985685547
"159209363",residential,"1639","1","31005",31005 BRUGGE,"3",BRUGGE,0.134056135970463
"159211942",residential,"1631","1","31005",31005 BRUGGE,"3",BRUGGE,0.0726183946354631
"159211942",residential,"1635","1","31005",31005 BRUGGE,"3",BRUGGE,0.454742117558461
"159211942",residential,"1639","1","31005",31005 BRUGGE,"3",BRUGGE,0.221608399456406
"159216649",residential,"1639","1","31005",31005 BRUGGE,"3",BRUGGE,0.284350666398633
"159216655",residential,"1639","1","31005",31005 BRUGGE,"3",BRUGGE,0.020407246037513
"159223995",residential,"1633","1","31005",31005 BRUGGE,"3",BRUGGE,0.0679382420726852
"159223995",residential,"1636","1","31005",31005 BRUGGE,"3",BRUGGE,0.0808938255367102
"159225550",residential,"1633","1","31005",31005 BRUGGE,"3",BRUGGE,0.0905687104494499
"159227103",residential,"1633","1","31005",31005 BRUGGE,"3",BRUGGE,0.152216367657186
"159227103",residential,"1642","1","31005",31005 BRUGGE,"3",BRUGGE,0.142033319857597
"159232126",residential,"1642","1","31005",31005 BRUGGE,"3",BRUGGE,0.538175475110333
"159494780",residential,"1637","1","31005",31005 BRUGGE,"3",BRUGGE,0.0390303383724317
"159495059",residential,"1637","1","31005",31005 BRUGGE,"3",BRUGGE,0.126475788918575
"160171375",residential,"1617","1","31005",31005 BRUGGE,"3",BRUGGE,0.602803329103807
"160281039",residential,"1594","1","31005",31005 BRUGGE,"3",BRUGGE,0.139781117794208
"160281039",residential,"1617","1","31005",31005 BRUGGE,"3",BRUGGE,0.0677583998647949
"160282018",residential,"1591","1","31005",31005 BRUGGE,"3",BRUGGE,0.068238983828478
"160282861",residential,"1590","1","31005",31005 BRUGGE,"3",BRUGGE,0.126655453308612
"160282862",residential,"1589","1","31005",31005 BRUGGE,"3",BRUGGE,0.23017824242513
"160282866",residential,"1590","1","31005",31005 BRUGGE,"3",BRUGGE,0.000164575113132596
"160282866",residential,"1591","1","31005",31005 BRUGGE,"3",BRUGGE,0.0379536134726834
"160921562",industrial,"1641","1","31005",31005 BRUGGE,"3",BRUGGE,0.199337577688079
"161256178",residential,"1590","1","31005",31005 BRUGGE,"3",BRUGGE,0.0351767821792159
"161256179",residential,"1590","1","31005",31005 BRUGGE,"3",BRUGGE,0.0569021552770692
"164091245",residential,"1620","1","31005",31005 BRUGGE,"3",BRUGGE,0.0109598541613296
"164091245",residential,"1622","1","31005",31005 BRUGGE,"3",BRUGGE,0.0221664395221007
"164091245",residential,"1623","1","31005",31005 BRUGGE,"3",BRUGGE,1.20332912667859
"171980123",retail,"1620","1","31005",31005 BRUGGE,"3",BRUGGE,0.00135097984834015
"171980124",retail,"1623","1","31005",31005 BRUGGE,"3",BRUGGE,0.0029767247229442
"171980125",retail,"1620","1","31005",31005 BRUGGE,"3",BRUGGE,0.0462991452283123
"171980354",retail,"1620","1","31005",31005 BRUGGE,"3",BRUGGE,0.0189900663482025
"179745622",residential,"1619","1","31005",31005 BRUGGE,"3",BRUGGE,0.00109004538829252
"192291863",residential,"1592","1","31005",31005 BRUGGE,"3",BRUGGE,0.00450442890961841
"198150374",residential,"1600","1","31005",31005 BRUGGE,"3",BRUGGE,0.0046642338146066
"198150374",residential,"1639","1","31005",31005 BRUGGE,"3",BRUGGE,0.0191063132832885
"198150374",residential,"1640","1","31005",31005 BRUGGE,"3",BRUGGE,0.292321144994333
"223674441",recreation_ground,"1633","1","31005",31005 BRUGGE,"3",BRUGGE,0.0106002765206173
"224993816",industrial,"1602","1","31005",31005 BRUGGE,"3",BRUGGE,0.689267027976512
"224993828",industrial,"1595","1","31005",31005 BRUGGE,"3",BRUGGE,0.00176285911593586
"224993828",industrial,"1602","1","31005",31005 BRUGGE,"3",BRUGGE,1.48892268431519
"224993828",industrial,"1617","1","31005",31005 BRUGGE,"3",BRUGGE,0.00060747736177966
"240393345",residential,"1623","1","31005",31005 BRUGGE,"3",BRUGGE,0.805626549652004
"244460825",industrial,"1632","1","31005",31005 BRUGGE,"3",BRUGGE,0.394407703985374
"244462910",industrial,"1633","1","31005",31005 BRUGGE,"3",BRUGGE,0.12462597977897
"244727272",industrial,"1602","1","31005",31005 BRUGGE,"3",BRUGGE,0.053223751016156
"244968775",commercial,"1591","1","31005",31005 BRUGGE,"3",BRUGGE,0.100635306794794
"244968775",commercial,"1595","1","31005",31005 BRUGGE,"3",BRUGGE,0.898936862573658
"244968775",commercial,"1602","1","31005",31005 BRUGGE,"3",BRUGGE,0.212931678149893
"245812528",residential,"1643","1","31005",31005 BRUGGE,"3",BRUGGE,0.0058619098465608
"281780839",residential,"1591","1","31005",31005 BRUGGE,"3",BRUGGE,0.135479288247179
"281785220",residential,"1602","1","31005",31005 BRUGGE,"3",BRUGGE,0.00741059133789688
"281785764",residential,"1602","1","31005",31005 BRUGGE,"3",BRUGGE,0.0037221740155071
"284962932",residential,"1591","1","31005",31005 BRUGGE,"3",BRUGGE,0.00878205855925474
"300573312",recreation_ground,"1623","1","31005",31005 BRUGGE,"3",BRUGGE,0.0071092095400989
"313451432",residential,"1623","1","31005",31005 BRUGGE,"3",BRUGGE,0.01281405893692
"313451442",residential,"1623","1","31005",31005 BRUGGE,"3",BRUGGE,0.000510660330601036
"313451456",residential,"1623","1","31005",31005 BRUGGE,"3",BRUGGE,0.0235178231311161
"313451461",residential,"1623","1","31005",31005 BRUGGE,"3",BRUGGE,4.25669469162822e-05
"313583969",residential,"1623","1","31005",31005 BRUGGE,"3",BRUGGE,0.0359377911338452
"313583977",residential,"1623","1","31005",31005 BRUGGE,"3",BRUGGE,0.00125238098354731
"313583979",residential,"1626","1","31005",31005 BRUGGE,"3",BRUGGE,0.00138441352088004
"313583983",retail,"1623","1","31005",31005 BRUGGE,"3",BRUGGE,0.0057793514641542
"313693780",residential,"1623","1","31005",31005 BRUGGE,"3",BRUGGE,0.00171295927219652
"313717343",residential,"1622","1","31005",31005 BRUGGE,"3",BRUGGE,0.00321176137087448
"313717345",residential,"1622","1","31005",31005 BRUGGE,"3",BRUGGE,0.0253999440943971
"313717347",residential,"1622","1","31005",31005 BRUGGE,"3",BRUGGE,0.0098116811645627
"313717375",residential,"1622","1","31005",31005 BRUGGE,"3",BRUGGE,0.0025803397154808
"313717382",residential,"1622","1","31005",31005 BRUGGE,"3",BRUGGE,0.00449505388171971
"313717394",residential,"1622","1","31005",31005 BRUGGE,"3",BRUGGE,0.00742385426767345
"316122133",residential,"1623","1","31005",31005 BRUGGE,"3",BRUGGE,0.00218587522083521
"316122135",residential,"1623","1","31005",31005 BRUGGE,"3",BRUGGE,0.00259031525912881
"316122137",residential,"1623","1","31005",31005 BRUGGE,"3",BRUGGE,0.00242185884810984
"316122144",residential,"1623","1","31005",31005 BRUGGE,"3",BRUGGE,0.00581033606984653
"317126984",residential,"1622","1","31005",31005 BRUGGE,"3",BRUGGE,0.00341208974685147
"317127015",residential,"1622","1","31005",31005 BRUGGE,"3",BRUGGE,0.00172882295208052
"317130458",residential,"1622","1","31005",31005 BRUGGE,"3",BRUGGE,0.00404467774403095
"317130460",residential,"1622","1","31005",31005 BRUGGE,"3",BRUGGE,0.000977840077348053
"317130461",residential,"1622","1","31005",31005 BRUGGE,"3",BRUGGE,0.0102787522232865
"317332346",residential,"1620","1","31005",31005 BRUGGE,"3",BRUGGE,0.360325220319036
"317332346",residential,"1622","1","31005",31005 BRUGGE,"3",BRUGGE,0.000100824762900826
"317332348",residential,"1622","1","31005",31005 BRUGGE,"3",BRUGGE,0.029090160494186
"317332348",residential,"1624","1","31005",31005 BRUGGE,"3",BRUGGE,0.0427014143003291
"317332349",residential,"1622","1","31005",31005 BRUGGE,"3",BRUGGE,0.00846337933188677
"317511330",residential,"1622","1","31005",31005 BRUGGE,"3",BRUGGE,0.0021932033540681
"317511331",residential,"1622","1","31005",31005 BRUGGE,"3",BRUGGE,0.00356968431685492
"319267290",residential,"1626","1","31005",31005 BRUGGE,"3",BRUGGE,0.00212802543786261
"319536439",residential,"1625","1","31005",31005 BRUGGE,"3",BRUGGE,0.000552063637853134
"319536439",residential,"1630","1","31005",31005 BRUGGE,"3",BRUGGE,0.00336996244612592
"319536443",retail,"1625","1","31005",31005 BRUGGE,"3",BRUGGE,0.00255973588865995
"319536459",residential,"1625","1","31005",31005 BRUGGE,"3",BRUGGE,0.264163970419155
"319536460",residential,"1628","1","31005",31005 BRUGGE,"3",BRUGGE,0.00136330259791762
"319536466",residential,"1625","1","31005",31005 BRUGGE,"3",BRUGGE,0.00187078135005571
"319536470",residential,"1627","1","31005",31005 BRUGGE,"3",BRUGGE,0.00057136719584465
"319536486",residential,"1627","1","31005",31005 BRUGGE,"3",BRUGGE,0.00250848581398465
"319536486",residential,"1628","1","31005",31005 BRUGGE,"3",BRUGGE,4.40694056376815e-05
"319670797",residential,"1598","1","31005",31005 BRUGGE,"3",BRUGGE,0.00230678578947997
"319670797",residential,"1628","1","31005",31005 BRUGGE,"3",BRUGGE,0.00127630104117095
"319670797",residential,"1629","1","31005",31005 BRUGGE,"3",BRUGGE,0.47762626101895
"319670797",residential,"1630","1","31005",31005 BRUGGE,"3",BRUGGE,0.0028803091477711
"331848834",residential,"1628","1","31005",31005 BRUGGE,"3",BRUGGE,0.00410001380469836
"368503725",retail,"1602","1","31005",31005 BRUGGE,"3",BRUGGE,0.114259541481626
"368665530",residential,"1617","1","31005",31005 BRUGGE,"3",BRUGGE,0.00430265642324463
"370445861",residential,"1617","1","31005",31005 BRUGGE,"3",BRUGGE,0.00289135838323832
"370445872",residential,"1617","1","31005",31005 BRUGGE,"3",BRUGGE,0.00127892856461555
"370445879",residential,"1617","1","31005",31005 BRUGGE,"3",BRUGGE,0.0370045683138822
"370670841",residential,"1617","1","31005",31005 BRUGGE,"3",BRUGGE,0.00387368095138296
"370670857",residential,"1617","1","31005",31005 BRUGGE,"3",BRUGGE,0.0050577958400026
"370670859",residential,"1617","1","31005",31005 BRUGGE,"3",BRUGGE,0.00249049648346752
"370670860",residential,"1617","1","31005",31005 BRUGGE,"3",BRUGGE,0.00162731807292998
"370670863",residential,"1617","1","31005",31005 BRUGGE,"3",BRUGGE,0.00621861004958302
"371117501",residential,"1617","1","31005",31005 BRUGGE,"3",BRUGGE,0.00154911954461783
"371353070",residential,"1594","1","31005",31005 BRUGGE,"3",BRUGGE,0.00103639900340512
"371353070",residential,"1619","1","31005",31005 BRUGGE,"3",BRUGGE,0.0120301439818405
"371353086",residential,"1619","1","31005",31005 BRUGGE,"3",BRUGGE,0.00282393485062569
"371353093",residential,"1619","1","31005",31005 BRUGGE,"3",BRUGGE,0.00231811735902727
"371353095",residential,"1617","1","31005",31005 BRUGGE,"3",BRUGGE,0.00637918281640485
"371353099",residential,"1617","1","31005",31005 BRUGGE,"3",BRUGGE,0.00181690222404152
"371934818",residential,"1617","1","31005",31005 BRUGGE,"3",BRUGGE,0.00809439027066715
"372024140",residential,"1617","1","31005",31005 BRUGGE,"3",BRUGGE,0.00401724512225389
"372555861",residential,"1617","1","31005",31005 BRUGGE,"3",BRUGGE,1.29008173244074e-06
"372822266",residential,"1619","1","31005",31005 BRUGGE,"3",BRUGGE,0.00669702790291887
"372822268",residential,"1619","1","31005",31005 BRUGGE,"3",BRUGGE,0.0375289599075578
"372822270",residential,"1619","1","31005",31005 BRUGGE,"3",BRUGGE,0.00111966837868094
"372822272",residential,"1619","1","31005",31005 BRUGGE,"3",BRUGGE,0.0014964060972929
"373899192",residential,"1594","1","31005",31005 BRUGGE,"3",BRUGGE,0.00275863127988926
"373899192",residential,"1619","1","31005",31005 BRUGGE,"3",BRUGGE,0.00677374729037751
"373899198",residential,"1593","1","31005",31005 BRUGGE,"3",BRUGGE,0.000133142463769764
"373899198",residential,"1594","1","31005",31005 BRUGGE,"3",BRUGGE,0.00183774423620105
"373899201",residential,"1594","1","31005",31005 BRUGGE,"3",BRUGGE,0.00399774347931519
"373899202",residential,"1594","1","31005",31005 BRUGGE,"3",BRUGGE,0.00373521231552586
"374126857",residential,"1594","1","31005",31005 BRUGGE,"3",BRUGGE,0.000188779445687076
"374126857",residential,"1619","1","31005",31005 BRUGGE,"3",BRUGGE,0.00513171139268862
"374126886",residential,"1619","1","31005",31005 BRUGGE,"3",BRUGGE,0.00109210347091779
"374126887",residential,"1619","1","31005",31005 BRUGGE,"3",BRUGGE,0.00108854734838009
"374126894",residential,"1594","1","31005",31005 BRUGGE,"3",BRUGGE,0.00161021690873802
"374126896",residential,"1619","1","31005",31005 BRUGGE,"3",BRUGGE,0.00110681914104894
"374126900",residential,"1619","1","31005",31005 BRUGGE,"3",BRUGGE,0.00728821290289611
"374126908",residential,"1619","1","31005",31005 BRUGGE,"3",BRUGGE,0.00845833788872883
"374126914",residential,"1619","1","31005",31005 BRUGGE,"3",BRUGGE,0.00642655146327615
"374348228",residential,"1617","1","31005",31005 BRUGGE,"3",BRUGGE,0.0024850015436383
"374348254",residential,"1619","1","31005",31005 BRUGGE,"3",BRUGGE,0.00355798940130323
"374586403",residential,"1617","1","31005",31005 BRUGGE,"3",BRUGGE,0.0213541747724898
"374586409",residential,"1594","1","31005",31005 BRUGGE,"3",BRUGGE,0.00316505457192659
"374586411",residential,"1617","1","31005",31005 BRUGGE,"3",BRUGGE,0.0045339459338896
"374586415",residential,"1617","1","31005",31005 BRUGGE,"3",BRUGGE,0.00321541824453138
"375074255",residential,"1617","1","31005",31005 BRUGGE,"3",BRUGGE,0.00144307240314409
"375074257",residential,"1617","1","31005",31005 BRUGGE,"3",BRUGGE,0.00218341547675431
"375074263",residential,"1617","1","31005",31005 BRUGGE,"3",BRUGGE,0.00244553775273263
"375074268",residential,"1617","1","31005",31005 BRUGGE,"3",BRUGGE,0.00214278231114103
"375074269",residential,"1617","1","31005",31005 BRUGGE,"3",BRUGGE,0.00579863174793124
"375074275",residential,"1617","1","31005",31005 BRUGGE,"3",BRUGGE,0.0077300941523686
"375074277",residential,"1617","1","31005",31005 BRUGGE,"3",BRUGGE,0.00739499857588112
"375074278",residential,"1617","1","31005",31005 BRUGGE,"3",BRUGGE,0.00812124598537758
"375074279",residential,"1617","1","31005",31005 BRUGGE,"3",BRUGGE,0.00311033465188742
"375074282",residential,"1617","1","31005",31005 BRUGGE,"3",BRUGGE,0.00120123375468329
"375109946",residential,"1617","1","31005",31005 BRUGGE,"3",BRUGGE,0.00308251612399705
"376617051",residential,"1617","1","31005",31005 BRUGGE,"3",BRUGGE,0.00111085114058852
"376617057",residential,"1617","1","31005",31005 BRUGGE,"3",BRUGGE,0.00117809791730344
"376617063",residential,"1617","1","31005",31005 BRUGGE,"3",BRUGGE,0.00114225026755035
"376617070",residential,"1617","1","31005",31005 BRUGGE,"3",BRUGGE,0.0029452365799956
"377277570",residential,"1617","1","31005",31005 BRUGGE,"3",BRUGGE,0.00235560486818291
"377277590",residential,"1617","1","31005",31005 BRUGGE,"3",BRUGGE,0.00200912584743649
"377277592",residential,"1617","1","31005",31005 BRUGGE,"3",BRUGGE,0.00243120574807376
"377277597",industrial,"1617","1","31005",31005 BRUGGE,"3",BRUGGE,0.00638917339162994
"377889125",residential,"1602","1","31005",31005 BRUGGE,"3",BRUGGE,0.00169645906937122
"377889125",residential,"1617","1","31005",31005 BRUGGE,"3",BRUGGE,0.000924756719134748
"377889127",industrial,"1602","1","31005",31005 BRUGGE,"3",BRUGGE,0.00445396953988075
"377889127",industrial,"1617","1","31005",31005 BRUGGE,"3",BRUGGE,0.00103835276769847
"392873877",residential,"1631","1","31005",31005 BRUGGE,"3",BRUGGE,0.0119488186901856
"392873878",residential,"1631","1","31005",31005 BRUGGE,"3",BRUGGE,0.00629496017349698
"392873879",residential,"1632","1","31005",31005 BRUGGE,"3",BRUGGE,0.0061804992869203
"392873879",residential,"1635","1","31005",31005 BRUGGE,"3",BRUGGE,0.000162875361647457
"392873880",residential,"1631","1","31005",31005 BRUGGE,"3",BRUGGE,0.0147537594074711
"397781463",commercial,"1635","1","31005",31005 BRUGGE,"3",BRUGGE,0.00494990627423301
"400805764",residential,"1592","1","31005",31005 BRUGGE,"3",BRUGGE,0.00364885246204515
"400805771",residential,"1592","1","31005",31005 BRUGGE,"3",BRUGGE,0.0110850839922233
"400805784",residential,"1592","1","31005",31005 BRUGGE,"3",BRUGGE,0.0333381258728392
"400805810",residential,"1592","1","31005",31005 BRUGGE,"3",BRUGGE,0.00132907936757803
"400820443",residential,"1592","1","31005",31005 BRUGGE,"3",BRUGGE,0.0103097209369168
"400820447",residential,"1592","1","31005",31005 BRUGGE,"3",BRUGGE,0.00652618378205597
"400820476",residential,"1592","1","31005",31005 BRUGGE,"3",BRUGGE,0.00376408939136006
"400820480",residential,"1592","1","31005",31005 BRUGGE,"3",BRUGGE,0.00171812990201265
"400874366",residential,"1592","1","31005",31005 BRUGGE,"3",BRUGGE,0.0174277334127314
"400994294",residential,"1592","1","31005",31005 BRUGGE,"3",BRUGGE,0.0118572438126551
"401175108",residential,"1641","1","31005",31005 BRUGGE,"3",BRUGGE,0.00162599629300833
"401175109",residential,"1641","1","31005",31005 BRUGGE,"3",BRUGGE,0.00233208963209391
"401178709",residential,"1641","1","31005",31005 BRUGGE,"3",BRUGGE,0.00362483677884936
"401222315",residential,"1641","1","31005",31005 BRUGGE,"3",BRUGGE,0.115333499003639
"401230647",residential,"1637","1","31005",31005 BRUGGE,"3",BRUGGE,0.0153754699264765
"401230661",residential,"1637","1","31005",31005 BRUGGE,"3",BRUGGE,0.00515765766484905
"401230669",residential,"1637","1","31005",31005 BRUGGE,"3",BRUGGE,0.00297358796316385
"401230675",residential,"1637","1","31005",31005 BRUGGE,"3",BRUGGE,0.00119500458875298
"401230677",residential,"1637","1","31005",31005 BRUGGE,"3",BRUGGE,0.00110958265970461
"401230679",residential,"1637","1","31005",31005 BRUGGE,"3",BRUGGE,0.00322580173006654
"401230683",residential,"1637","1","31005",31005 BRUGGE,"3",BRUGGE,0.00202294144084863
"401248742",residential,"1641","1","31005",31005 BRUGGE,"3",BRUGGE,0.0016104445464313
"401256279",residential,"1633","1","31005",31005 BRUGGE,"3",BRUGGE,0.00151212020655908
"401256697",residential,"1637","1","31005",31005 BRUGGE,"3",BRUGGE,0.133135416977847
"401256707",residential,"1637","1","31005",31005 BRUGGE,"3",BRUGGE,0.0593742590102491
"401256717",residential,"1637","1","31005",31005 BRUGGE,"3",BRUGGE,0.00329524995043874
"401256728",residential,"1637","1","31005",31005 BRUGGE,"3",BRUGGE,0.0130307813597228
"401256734",residential,"1637","1","31005",31005 BRUGGE,"3",BRUGGE,0.0267501183809116
"401263045",residential,"1637","1","31005",31005 BRUGGE,"3",BRUGGE,0.00727868638283759
"401263048",commercial,"1637","1","31005",31005 BRUGGE,"3",BRUGGE,0.000778155216194689
"401266957",residential,"1644","1","31005",31005 BRUGGE,"3",BRUGGE,0.0271162772948435
"401266963",residential,"1644","1","31005",31005 BRUGGE,"3",BRUGGE,0.0531404031622524
"401266965",residential,"1637","1","31005",31005 BRUGGE,"3",BRUGGE,0.0154699243785739
"401266967",residential,"1637","1","31005",31005 BRUGGE,"3",BRUGGE,0.00535383436980843
"401266968",residential,"1644","1","31005",31005 BRUGGE,"3",BRUGGE,0.0248450711861849
"401266970",residential,"1637","1","31005",31005 BRUGGE,"3",BRUGGE,0.00883482735668495
"401266971",residential,"1644","1","31005",31005 BRUGGE,"3",BRUGGE,0.00191259864401817
"401266977",residential,"1637","1","31005",31005 BRUGGE,"3",BRUGGE,0.000280361301571596
"401266977",residential,"1644","1","31005",31005 BRUGGE,"3",BRUGGE,0.000670982420731336
"401266984",residential,"1644","1","31005",31005 BRUGGE,"3",BRUGGE,0.009480355979532
"401266988",residential,"1644","1","31005",31005 BRUGGE,"3",BRUGGE,0.0220330943943594
"401296680",residential,"1644","1","31005",31005 BRUGGE,"3",BRUGGE,0.00726626219907403
"401296682",residential,"1636","1","31005",31005 BRUGGE,"3",BRUGGE,0.0651098754005339
"401372856",residential,"1644","1","31005",31005 BRUGGE,"3",BRUGGE,0.00118230601441115
"401372858",residential,"1644","1","31005",31005 BRUGGE,"3",BRUGGE,0.015284100576058
"401372862",residential,"1644","1","31005",31005 BRUGGE,"3",BRUGGE,0.00369662917340547
"401377225",residential,"1644","1","31005",31005 BRUGGE,"3",BRUGGE,0.00309477592208981
"401458765",residential,"1643","1","31005",31005 BRUGGE,"3",BRUGGE,0.00196638181930035
"401586906",residential,"1643","1","31005",31005 BRUGGE,"3",BRUGGE,0.00241696122232359
"401995712",residential,"1633","1","31005",31005 BRUGGE,"3",BRUGGE,0.0240344936227128
"401995739",residential,"1643","1","31005",31005 BRUGGE,"3",BRUGGE,0.0113316976402611
"407480072",residential,"1592","1","31005",31005 BRUGGE,"3",BRUGGE,0.00120592401124025
"416557146",residential,"1631","1","31005",31005 BRUGGE,"3",BRUGGE,0.0115484935285156
"416557147",residential,"1631","1","31005",31005 BRUGGE,"3",BRUGGE,0.0160291372414099
"416557147",residential,"1635","1","31005",31005 BRUGGE,"3",BRUGGE,0.00497805366597511
"416557148",residential,"1635","1","31005",31005 BRUGGE,"3",BRUGGE,0.00167177340733632
"416557149",residential,"1631","1","31005",31005 BRUGGE,"3",BRUGGE,0.00148841407784447
"429322229",residential,"1617","1","31005",31005 BRUGGE,"3",BRUGGE,0.00113036697037704
"429322231",residential,"1602","1","31005",31005 BRUGGE,"3",BRUGGE,0.000954220071390271
"429322231",residential,"1617","1","31005",31005 BRUGGE,"3",BRUGGE,0.00141951333728433
"429340775",residential,"1631","1","31005",31005 BRUGGE,"3",BRUGGE,0.0231138189543295
"429340776",residential,"1631","1","31005",31005 BRUGGE,"3",BRUGGE,0.0185011488287826
"429340778",residential,"1631","1","31005",31005 BRUGGE,"3",BRUGGE,0.0104001008628541
"429340780",residential,"1631","1","31005",31005 BRUGGE,"3",BRUGGE,0.0186581624605209
"429340781",residential,"1633","1","31005",31005 BRUGGE,"3",BRUGGE,0.0196646744469244
"429340782",residential,"1631","1","31005",31005 BRUGGE,"3",BRUGGE,0.0665871695490258
"429340782",residential,"1632","1","31005",31005 BRUGGE,"3",BRUGGE,0.00171823676566716
"429340782",residential,"1634","1","31005",31005 BRUGGE,"3",BRUGGE,0.000143723264502769
"429340783",residential,"1631","1","31005",31005 BRUGGE,"3",BRUGGE,0.0250664112113249
"429340783",residential,"1632","1","31005",31005 BRUGGE,"3",BRUGGE,0.00263913751702383
"429340784",residential,"1633","1","31005",31005 BRUGGE,"3",BRUGGE,0.000655941862091422
"429340785",residential,"1633","1","31005",31005 BRUGGE,"3",BRUGGE,0.0017721277962178
"429340786",residential,"1631","1","31005",31005 BRUGGE,"3",BRUGGE,0.0047635926162079
"429340787",residential,"1631","1","31005",31005 BRUGGE,"3",BRUGGE,0.000545581841695588
"429340789",residential,"1633","1","31005",31005 BRUGGE,"3",BRUGGE,0.00349439700424671
"429354445",residential,"1631","1","31005",31005 BRUGGE,"3",BRUGGE,0.00514309310623305
"429354447",residential,"1631","1","31005",31005 BRUGGE,"3",BRUGGE,0.00487826987547055
"429354449",residential,"1631","1","31005",31005 BRUGGE,"3",BRUGGE,0.0320573843273702
"429354449",residential,"1633","1","31005",31005 BRUGGE,"3",BRUGGE,1.04198889108375e-06
"429354451",residential,"1631","1","31005",31005 BRUGGE,"3",BRUGGE,0.010515776031449
"429354453",residential,"1631","1","31005",31005 BRUGGE,"3",BRUGGE,0.0279837409131919
"434713257",residential,"1639","1","31005",31005 BRUGGE,"3",BRUGGE,0.0806412464758381
"435608537",residential,"1636","1","31005",31005 BRUGGE,"3",BRUGGE,0.0137844052514993
"435608540",residential,"1636","1","31005",31005 BRUGGE,"3",BRUGGE,0.0662032475449578
"435608542",residential,"1636","1","31005",31005 BRUGGE,"3",BRUGGE,0.00806781786691723
"437313598",retail,"1589","1","31005",31005 BRUGGE,"3",BRUGGE,0.0986023215489741
"460944374",residential,"1590","1","31005",31005 BRUGGE,"3",BRUGGE,0.0159490391163593
"462636854",residential,"1596","1","31005",31005 BRUGGE,"3",BRUGGE,0.263810213292038
"462636854",residential,"1597","1","31005",31005 BRUGGE,"3",BRUGGE,0.00167761367441039
"462636855",residential,"1596","1","31005",31005 BRUGGE,"3",BRUGGE,0.297326617565475
"462636856",residential,"1586","1","31005",31005 BRUGGE,"3",BRUGGE,0.000193374337591231
"462636856",residential,"1587","1","31005",31005 BRUGGE,"3",BRUGGE,0.000345893470639829
"462636856",residential,"1603","1","31005",31005 BRUGGE,"3",BRUGGE,0.191381247018575
"462636856",residential,"1604","1","31005",31005 BRUGGE,"3",BRUGGE,0.176632563663909
"462636856",residential,"1605","1","31005",31005 BRUGGE,"3",BRUGGE,0.000181567526378669
"462636858",residential,"1585","1","31005",31005 BRUGGE,"3",BRUGGE,0.132460734431656
"462636858",residential,"1586","1","31005",31005 BRUGGE,"3",BRUGGE,0.0282330510551371
"462636858",residential,"1587","1","31005",31005 BRUGGE,"3",BRUGGE,0.201934148580778
"462636858",residential,"1599","1","31005",31005 BRUGGE,"3",BRUGGE,9.45462117157876e-06
"462636858",residential,"1601","1","31005",31005 BRUGGE,"3",BRUGGE,0.00320363154099183
"462636858",residential,"1603","1","31005",31005 BRUGGE,"3",BRUGGE,7.66590065211058e-05
"462636858",residential,"1604","1","31005",31005 BRUGGE,"3",BRUGGE,1.31427006609738e-06
"462636859",residential,"1598","1","31005",31005 BRUGGE,"3",BRUGGE,0.223867163934561
"462636859",residential,"1599","1","31005",31005 BRUGGE,"3",BRUGGE,0.169063490914513
"462636860",residential,"1600","1","31005",31005 BRUGGE,"3",BRUGGE,0.158669752232426
"462636860",residential,"1604","1","31005",31005 BRUGGE,"3",BRUGGE,0.00614250298846606
"462636862",residential,"1588","1","31005",31005 BRUGGE,"3",BRUGGE,0.618744406924473
"464701705",residential,"1587","1","31005",31005 BRUGGE,"3",BRUGGE,0.00277526534425037
"464701705",residential,"1599","1","31005",31005 BRUGGE,"3",BRUGGE,4.09803896327503e-06
"464703600",residential,"1599","1","31005",31005 BRUGGE,"3",BRUGGE,0.00122123666657042
"493140329",residential,"1600","1","31005",31005 BRUGGE,"3",BRUGGE,0.0026161594838202
"493140329",residential,"1632","1","31005",31005 BRUGGE,"3",BRUGGE,0.00191541237299051
"495193408",residential,"1591","1","31005",31005 BRUGGE,"3",BRUGGE,0.00858243648254871
"505929692",residential,"1617","1","31005",31005 BRUGGE,"3",BRUGGE,0.000731235700637102
"505929694",residential,"1617","1","31005",31005 BRUGGE,"3",BRUGGE,0.00112445661213622
"515744177",residential,"1636","1","31005",31005 BRUGGE,"3",BRUGGE,0.015170283379171
"515756945",residential,"1636","1","31005",31005 BRUGGE,"3",BRUGGE,0.0157137359887119
"515894013",residential,"1636","1","31005",31005 BRUGGE,"3",BRUGGE,0.0159456083289012
"518855580",residential,"1636","1","31005",31005 BRUGGE,"3",BRUGGE,0.00103900131164119
"519489595",residential,"1637","1","31005",31005 BRUGGE,"3",BRUGGE,0.392136473457107
"520519313",residential,"1599","1","31005",31005 BRUGGE,"3",BRUGGE,0.00635398735326738
"520548739",residential,"1599","1","31005",31005 BRUGGE,"3",BRUGGE,0.00241537088502473
"520548746",residential,"1599","1","31005",31005 BRUGGE,"3",BRUGGE,0.000746505276186392
"520548747",residential,"1599","1","31005",31005 BRUGGE,"3",BRUGGE,0.00162708788937877
"520548748",residential,"1599","1","31005",31005 BRUGGE,"3",BRUGGE,0.00469798933134251
"520771624",residential,"1639","1","31005",31005 BRUGGE,"3",BRUGGE,0.00153978813351691
"521066831",residential,"1636","1","31005",31005 BRUGGE,"3",BRUGGE,0.00259149736315012
"521070381",residential,"1636","1","31005",31005 BRUGGE,"3",BRUGGE,0.000825585339285433
"521241227",residential,"1636","1","31005",31005 BRUGGE,"3",BRUGGE,0.00140864894735109
"522791985",residential,"1633","1","31005",31005 BRUGGE,"3",BRUGGE,0.0300938603013093
"522791985",residential,"1642","1","31005",31005 BRUGGE,"3",BRUGGE,0.000480366819981486
"523178663",residential,"1635","1","31005",31005 BRUGGE,"3",BRUGGE,0.000116116073176265
"523178663",residential,"1639","1","31005",31005 BRUGGE,"3",BRUGGE,0.00894398095730692
"523213128",residential,"1600","1","31005",31005 BRUGGE,"3",BRUGGE,0.000728047236969694
"527205014",residential,"1633","1","31005",31005 BRUGGE,"3",BRUGGE,0.00125587804474961
"527205016",residential,"1633","1","31005",31005 BRUGGE,"3",BRUGGE,0.00286167233742867
"527280011",residential,"1632","1","31005",31005 BRUGGE,"3",BRUGGE,0.00601259926881641
"529176735",residential,"1633","1","31005",31005 BRUGGE,"3",BRUGGE,0.343372228980907
"530480978",commercial,"1631","1","31005",31005 BRUGGE,"3",BRUGGE,0.00823192218599096
"530800063",residential,"1644","1","31005",31005 BRUGGE,"3",BRUGGE,0.00212777184700966
"530851093",residential,"1633","1","31005",31005 BRUGGE,"3",BRUGGE,0.00648522355486453
"530851095",residential,"1633","1","31005",31005 BRUGGE,"3",BRUGGE,0.0121867287421301
"532706146",residential,"1644","1","31005",31005 BRUGGE,"3",BRUGGE,0.0265985352223669
"532708381",residential,"1644","1","31005",31005 BRUGGE,"3",BRUGGE,0.00734078040862083
"533411605",residential,"1633","1","31005",31005 BRUGGE,"3",BRUGGE,0.0373802151592802
"533411783",residential,"1633","1","31005",31005 BRUGGE,"3",BRUGGE,0.00569864288470708
"533411856",residential,"1633","1","31005",31005 BRUGGE,"3",BRUGGE,0.0189451560857967
"533412099",residential,"1633","1","31005",31005 BRUGGE,"3",BRUGGE,0.0307638673462765
"533581366",residential,"1633","1","31005",31005 BRUGGE,"3",BRUGGE,0.0257210947353166
"533584173",residential,"1633","1","31005",31005 BRUGGE,"3",BRUGGE,0.0262662504460427
"533610608",residential,"1633","1","31005",31005 BRUGGE,"3",BRUGGE,0.0992869478863829
"533611256",residential,"1633","1","31005",31005 BRUGGE,"3",BRUGGE,0.034270490291914
"536605300",residential,"1633","1","31005",31005 BRUGGE,"3",BRUGGE,0.0154455094425625
"536693482",residential,"1588","1","31005",31005 BRUGGE,"3",BRUGGE,0.0243891661814153
"537364448",residential,"1633","1","31005",31005 BRUGGE,"3",BRUGGE,0.00506780388987064
"537365055",residential,"1633","1","31005",31005 BRUGGE,"3",BRUGGE,0.0236751538263112
"537365055",residential,"1644","1","31005",31005 BRUGGE,"3",BRUGGE,0.00193380710651167
"537367287",residential,"1633","1","31005",31005 BRUGGE,"3",BRUGGE,0.00284279310399294
"548447231",residential,"1629","1","31005",31005 BRUGGE,"3",BRUGGE,0.00126631752638659
"555210180",residential,"1587","1","31005",31005 BRUGGE,"3",BRUGGE,0.0016860187333722
"555210180",residential,"1601","1","31005",31005 BRUGGE,"3",BRUGGE,0.044541330286464
"555210181",residential,"1601","1","31005",31005 BRUGGE,"3",BRUGGE,0.00240391640266344
"555210182",residential,"1601","1","31005",31005 BRUGGE,"3",BRUGGE,0.0039954485551735
"555210183",residential,"1601","1","31005",31005 BRUGGE,"3",BRUGGE,0.00819058986920266
"557154094",residential,"1593","1","31005",31005 BRUGGE,"3",BRUGGE,0.823414483833125
"557154094",residential,"1619","1","31005",31005 BRUGGE,"3",BRUGGE,0.0865604891902506
"578644976",residential,"1617","1","31005",31005 BRUGGE,"3",BRUGGE,0.00164739454187267
"578644977",residential,"1617","1","31005",31005 BRUGGE,"3",BRUGGE,0.001590535731985
"591087661",residential,"1601","1","31005",31005 BRUGGE,"3",BRUGGE,0.0242433757640014
"597338770",residential,"1601","1","31005",31005 BRUGGE,"3",BRUGGE,0.00177490702731162
"597354665",residential,"1601","1","31005",31005 BRUGGE,"3",BRUGGE,0.00177099281261861
"609981383",residential,"1592","1","31005",31005 BRUGGE,"3",BRUGGE,0.00142577824935317
"621838167",industrial,"1617","1","31005",31005 BRUGGE,"3",BRUGGE,0.0191252152572479
"621838168",industrial,"1617","1","31005",31005 BRUGGE,"3",BRUGGE,0.00698115615349624
"622145316",residential,"1617","1","31005",31005 BRUGGE,"3",BRUGGE,0.00426205661448836
"622145317",residential,"1617","1","31005",31005 BRUGGE,"3",BRUGGE,0.000898214467320591
"624276339",residential,"1602","1","31005",31005 BRUGGE,"3",BRUGGE,0.00474285860100575
"624282291",residential,"1591","1","31005",31005 BRUGGE,"3",BRUGGE,0.102776086519927
"624282293",residential,"1591","1","31005",31005 BRUGGE,"3",BRUGGE,0.0141176215331731
"624282294",residential,"1591","1","31005",31005 BRUGGE,"3",BRUGGE,0.00439703165350109
"624282296",residential,"1591","1","31005",31005 BRUGGE,"3",BRUGGE,0.00223356458755769
"624282297",residential,"1591","1","31005",31005 BRUGGE,"3",BRUGGE,0.0148771377460472
"624283457",residential,"1591","1","31005",31005 BRUGGE,"3",BRUGGE,0.0037216326697357
"625270107",residential,"1617","1","31005",31005 BRUGGE,"3",BRUGGE,0.00136354717233218
"625270112",residential,"1619","1","31005",31005 BRUGGE,"3",BRUGGE,0.00797400751044601
"625270113",residential,"1593","1","31005",31005 BRUGGE,"3",BRUGGE,0.000828685361044481
"625270113",residential,"1619","1","31005",31005 BRUGGE,"3",BRUGGE,0.0212083064188771
"625270119",residential,"1593","1","31005",31005 BRUGGE,"3",BRUGGE,0.0190308312430168
"660001073",residential,"1619","1","31005",31005 BRUGGE,"3",BRUGGE,0.00135958396399021
"660001078",residential,"1617","1","31005",31005 BRUGGE,"3",BRUGGE,0.00202126725533605
"660001080",residential,"1617","1","31005",31005 BRUGGE,"3",BRUGGE,0.00611084415736049
"660001084",residential,"1617","1","31005",31005 BRUGGE,"3",BRUGGE,0.0064638389505744
"660627208",residential,"1617","1","31005",31005 BRUGGE,"3",BRUGGE,0.00728286940363049
"660627224",residential,"1617","1","31005",31005 BRUGGE,"3",BRUGGE,0.000926123451072723
"660627228",residential,"1617","1","31005",31005 BRUGGE,"3",BRUGGE,0.0021162099682875
"660627235",residential,"1617","1","31005",31005 BRUGGE,"3",BRUGGE,0.00918555767134973
"660627236",residential,"1617","1","31005",31005 BRUGGE,"3",BRUGGE,0.00417069154605514
"660627237",residential,"1617","1","31005",31005 BRUGGE,"3",BRUGGE,0.00319118021512032
"660627238",residential,"1617","1","31005",31005 BRUGGE,"3",BRUGGE,0.000724087606698275
"661218203",residential,"1628","1","31005",31005 BRUGGE,"3",BRUGGE,0.0213022629789337
"661218204",residential,"1628","1","31005",31005 BRUGGE,"3",BRUGGE,0.0222676033859141
"661218204",residential,"1629","1","31005",31005 BRUGGE,"3",BRUGGE,0.0235571048663543
"661218206",residential,"1625","1","31005",31005 BRUGGE,"3",BRUGGE,0.0288654740792653
"661218206",residential,"1628","1","31005",31005 BRUGGE,"3",BRUGGE,0.00994183231935464
"661218216",residential,"1625","1","31005",31005 BRUGGE,"3",BRUGGE,0.00352530823120475
"661218218",residential,"1629","1","31005",31005 BRUGGE,"3",BRUGGE,0.0154740615130514
"661218900",residential,"1629","1","31005",31005 BRUGGE,"3",BRUGGE,0.00961850634964555
"661218901",residential,"1629","1","31005",31005 BRUGGE,"3",BRUGGE,0.00541139662836492
"668298481",residential,"1617","1","31005",31005 BRUGGE,"3",BRUGGE,0.0104285010668763
"668298482",residential,"1617","1","31005",31005 BRUGGE,"3",BRUGGE,0.00262427175948769
"668298484",residential,"1617","1","31005",31005 BRUGGE,"3",BRUGGE,0.0148933741594562
"668298499",residential,"1617","1","31005",31005 BRUGGE,"3",BRUGGE,0.00113350377968699
"668298503",residential,"1617","1","31005",31005 BRUGGE,"3",BRUGGE,0.00161316101962328
"668362088",residential,"1617","1","31005",31005 BRUGGE,"3",BRUGGE,0.00155469204940973
"668362090",residential,"1617","1","31005",31005 BRUGGE,"3",BRUGGE,0.00110393545815349
"668362091",residential,"1617","1","31005",31005 BRUGGE,"3",BRUGGE,0.0112805323668309
"668362092",residential,"1617","1","31005",31005 BRUGGE,"3",BRUGGE,0.026917571044812
"668362095",residential,"1617","1","31005",31005 BRUGGE,"3",BRUGGE,0.0114987677590223
"668362104",residential,"1617","1","31005",31005 BRUGGE,"3",BRUGGE,0.0377668631964922
"668362105",residential,"1617","1","31005",31005 BRUGGE,"3",BRUGGE,0.00999037460538023
"668362108",residential,"1617","1","31005",31005 BRUGGE,"3",BRUGGE,0.00171889004903077
"668362109",residential,"1617","1","31005",31005 BRUGGE,"3",BRUGGE,0.00214790989946248
"668362110",residential,"1617","1","31005",31005 BRUGGE,"3",BRUGGE,0.00551212294793734
"668532809",residential,"1620","1","31005",31005 BRUGGE,"3",BRUGGE,0.00624079713042453
"668532811",residential,"1620","1","31005",31005 BRUGGE,"3",BRUGGE,0.00290567221800936
"668532818",residential,"1622","1","31005",31005 BRUGGE,"3",BRUGGE,0.0118748296946473
"668563520",residential,"1622","1","31005",31005 BRUGGE,"3",BRUGGE,0.00155418219447881
"697855189",residential,"1626","1","31005",31005 BRUGGE,"3",BRUGGE,0.0288601080456534
"698801796",residential,"1598","1","31005",31005 BRUGGE,"3",BRUGGE,0.0367418239402067
"698801797",residential,"1598","1","31005",31005 BRUGGE,"3",BRUGGE,0.0131570906220252
"698801797",residential,"1599","1","31005",31005 BRUGGE,"3",BRUGGE,0.055185515482916
"698801799",residential,"1586","1","31005",31005 BRUGGE,"3",BRUGGE,0.000376688593567349
"698801799",residential,"1595","1","31005",31005 BRUGGE,"3",BRUGGE,7.26325150616467e-05
"698801799",residential,"1603","1","31005",31005 BRUGGE,"3",BRUGGE,0.142928274369957
"698801799",residential,"1605","1","31005",31005 BRUGGE,"3",BRUGGE,0.306547780114466
"698801800",residential,"1596","1","31005",31005 BRUGGE,"3",BRUGGE,0.000250857142664492
"698801800",residential,"1597","1","31005",31005 BRUGGE,"3",BRUGGE,0.23202424314104
"698801801",residential,"1585","1","31005",31005 BRUGGE,"3",BRUGGE,0.10136849485789
"698801801",residential,"1586","1","31005",31005 BRUGGE,"3",BRUGGE,0.133157791123793
"698801801",residential,"1599","1","31005",31005 BRUGGE,"3",BRUGGE,5.54304569773376e-05
"698801801",residential,"1603","1","31005",31005 BRUGGE,"3",BRUGGE,5.84100403785706e-05
"698963307",commercial,"1620","1","31005",31005 BRUGGE,"3",BRUGGE,0.00331361618244275
"699003017",commercial,"1620","1","31005",31005 BRUGGE,"3",BRUGGE,0.0165528573952286
"699003332",residential,"1620","1","31005",31005 BRUGGE,"3",BRUGGE,0.00226495788712322
"707995517",residential,"1630","1","31005",31005 BRUGGE,"3",BRUGGE,0.000541201225994155
"717178042",residential,"1630","1","31005",31005 BRUGGE,"3",BRUGGE,0.0122477967689335
"717178048",residential,"1626","1","31005",31005 BRUGGE,"3",BRUGGE,0.00387277812388539
"717178049",residential,"1626","1","31005",31005 BRUGGE,"3",BRUGGE,0.000930904764831066
"726063096",residential,"1630","1","31005",31005 BRUGGE,"3",BRUGGE,0.022423033140355
"726067722",residential,"1629","1","31005",31005 BRUGGE,"3",BRUGGE,0.000412365264338441
"726067723",residential,"1629","1","31005",31005 BRUGGE,"3",BRUGGE,0.100529115779156
"726067724",residential,"1629","1","31005",31005 BRUGGE,"3",BRUGGE,0.00613100946572796
"727257626",residential,"1644","1","31005",31005 BRUGGE,"3",BRUGGE,0.0279644454675689
"727285730",residential,"1641","1","31005",31005 BRUGGE,"3",BRUGGE,0.00979701743503287
"727380204",residential,"1637","1","31005",31005 BRUGGE,"3",BRUGGE,0.00121731098543107
"727381743",residential,"1637","1","31005",31005 BRUGGE,"3",BRUGGE,0.00280209219516814
"727381744",residential,"1637","1","31005",31005 BRUGGE,"3",BRUGGE,0.000987737614542246
"727389315",residential,"1637","1","31005",31005 BRUGGE,"3",BRUGGE,0.00104287506175734
"727964445",residential,"1633","1","31005",31005 BRUGGE,"3",BRUGGE,0.00250906579108536
"730847897",residential,"1637","1","31005",31005 BRUGGE,"3",BRUGGE,0.000971005286682863
"730847898",residential,"1637","1","31005",31005 BRUGGE,"3",BRUGGE,0.000662255760073662
"732562936",commercial,"1639","1","31005",31005 BRUGGE,"3",BRUGGE,0.0161773440159225
"744178643",residential,"1592","1","31005",31005 BRUGGE,"3",BRUGGE,0.00580448696611822
"744393127",commercial,"1630","1","31005",31005 BRUGGE,"3",BRUGGE,0.0112772376350928
"748716610",residential,"1589","1","31005",31005 BRUGGE,"3",BRUGGE,0.0587720270509922
"748716611",residential,"1589","1","31005",31005 BRUGGE,"3",BRUGGE,0.118950879468247
"748716612",residential,"1589","1","31005",31005 BRUGGE,"3",BRUGGE,0.178583709627994
"761481745",residential,"1590","1","31005",31005 BRUGGE,"3",BRUGGE,0.00297956603665464
"761728497",residential,"1623","1","31005",31005 BRUGGE,"3",BRUGGE,0.00857679481548257
"764608804",residential,"1620","1","31005",31005 BRUGGE,"3",BRUGGE,0.000842353249464184
"853529330",residential,"1626","1","31005",31005 BRUGGE,"3",BRUGGE,0.00220457348853955
"860631472",residential,"1637","1","31005",31005 BRUGGE,"3",BRUGGE,0.0245119712376688
"938580784",residential,"1592","1","31005",31005 BRUGGE,"3",BRUGGE,0.0125703965559341
"954427988",residential,"1591","1","31005",31005 BRUGGE,"3",BRUGGE,0.00248049436143413
"954427988",residential,"1602","1","31005",31005 BRUGGE,"3",BRUGGE,2.42285503447056e-06
"1008216137",residential,"1601","1","31005",31005 BRUGGE,"3",BRUGGE,0.00412606045012549
"1009645166",residential,"1622","1","31005",31005 BRUGGE,"3",BRUGGE,0.00420939464522898
"1040212337",residential,"1632","1","31005",31005 BRUGGE,"3",BRUGGE,0.011093346667412
"1040212337",residential,"1635","1","31005",31005 BRUGGE,"3",BRUGGE,4.43971493206918e-05
"1051387362",residential,"1633","1","31005",31005 BRUGGE,"3",BRUGGE,0.00361023434703797
"1051653374",residential,"1633","1","31005",31005 BRUGGE,"3",BRUGGE,0.00182856382375956
"1078526365",commercial,"1631","1","31005",31005 BRUGGE,"3",BRUGGE,0.00811382250744244
"1119145030",industrial,"1590","1","31005",31005 BRUGGE,"3",BRUGGE,0.00726348238368332
"1119145031",residential,"1590","1","31005",31005 BRUGGE,"3",BRUGGE,0.00761861930990405
"1119883250",residential,"1620","1","31005",31005 BRUGGE,"3",BRUGGE,0.00188864065544447
"3662980",recreation_ground,"1625","1","31005",31005 BRUGGE,"3",BRUGGE,0.0583323189498231
"5893105",commercial,"1600","1","31005",31005 BRUGGE,"3",BRUGGE,0.000765653266107664
"5893105",commercial,"1632","1","31005",31005 BRUGGE,"3",BRUGGE,0.0515023161599382
"6656440",industrial,"1593","1","31005",31005 BRUGGE,"3",BRUGGE,0.0389581847155392
"6656440",industrial,"1594","1","31005",31005 BRUGGE,"3",BRUGGE,0.0249230563033819
"6656440",industrial,"1595","1","31005",31005 BRUGGE,"3",BRUGGE,0.269444296494731
"6656440",industrial,"1602","1","31005",31005 BRUGGE,"3",BRUGGE,0.0237383844909742
"6656440",industrial,"1617","1","31005",31005 BRUGGE,"3",BRUGGE,0.0821540731401034
"7381262",industrial,"1602","1","31005",31005 BRUGGE,"3",BRUGGE,0.0181810846151114
"7570962",residential,"1632","1","31005",31005 BRUGGE,"3",BRUGGE,0.00242687635495071
"7570962",residential,"1633","1","31005",31005 BRUGGE,"3",BRUGGE,0.000782821337365953
"7570962",residential,"1634","1","31005",31005 BRUGGE,"3",BRUGGE,0.473122759538914
"12847364",residential,"1641","1","31005",31005 BRUGGE,"3",BRUGGE,0.0109502259403111
"129320799",industrial,"1632","1","31005",31005 BRUGGE,"3",BRUGGE,0.159050507196546
"271837918",industrial,"1602","1","31005",31005 BRUGGE,"3",BRUGGE,0.0622821848873426
"271837920",industrial,"1595","1","31005",31005 BRUGGE,"3",BRUGGE,0.0549856899360241
"271837921",industrial,"1602","1","31005",31005 BRUGGE,"3",BRUGGE,0.0689827562559023
"271837921",industrial,"1617","1","31005",31005 BRUGGE,"3",BRUGGE,0.000537750742765143
"271837950",industrial,"1602","1","31005",31005 BRUGGE,"3",BRUGGE,0.0108207586259283
"271837958",industrial,"1602","1","31005",31005 BRUGGE,"3",BRUGGE,0.0321735707095265
"271838021",industrial,"1602","1","31005",31005 BRUGGE,"3",BRUGGE,0.127509395582996
"271838056",industrial,"1602","1","31005",31005 BRUGGE,"3",BRUGGE,0.0303423218750209
"271838058",industrial,"1602","1","31005",31005 BRUGGE,"3",BRUGGE,0.0149646156147271
"286652703",retail,"1587","1","31005",31005 BRUGGE,"3",BRUGGE,0.00992033544064115
"288182334",industrial,"1602","1","31005",31005 BRUGGE,"3",BRUGGE,0.0148218132892549
"583958812",industrial,"1595","1","31005",31005 BRUGGE,"3",BRUGGE,0.00679602335510589
"586345556",residential,"1605","1","31005",31005 BRUGGE,"3",BRUGGE,0.00540278681842005
"605608459",industrial,"1602","1","31005",31005 BRUGGE,"3",BRUGGE,0.00658739552786108
"606169524",industrial,"1640","1","31005",31005 BRUGGE,"3",BRUGGE,0.0140023753517373
"606173846",commercial,"1640","1","31005",31005 BRUGGE,"3",BRUGGE,0.00912293028418312
"658330409",industrial,"1602","1","31005",31005 BRUGGE,"3",BRUGGE,2.68392452299595e-05
"668574718",industrial,"1595","1","31005",31005 BRUGGE,"3",BRUGGE,1.3570538486907e-05
"670339138",residential,"1634","1","31005",31005 BRUGGE,"3",BRUGGE,0.0077920172367692
"722065176",industrial,"1625","1","31005",31005 BRUGGE,"3",BRUGGE,0.0101141623329651
"727958322",residential,"1639","1","31005",31005 BRUGGE,"3",BRUGGE,0.00567590975549212
"839024615",residential,"1632","1","31005",31005 BRUGGE,"3",BRUGGE,0.000953292199592572
"988603222",residential,"1590","1","31005",31005 BRUGGE,"3",BRUGGE,0.0135849975562124
"1098274213",residential,"1620","1","31005",31005 BRUGGE,"3",BRUGGE,0.00413825402601808
"373899185",industrial,"1593","1","31005",31005 BRUGGE,"3",BRUGGE,0.0639215093995755
"373899185",industrial,"1594","1","31005",31005 BRUGGE,"3",BRUGGE,0.0198307214656323
"401266996",residential,"1637","1","31005",31005 BRUGGE,"3",BRUGGE,0.000848839139046147
"401266996",residential,"1644","1","31005",31005 BRUGGE,"3",BRUGGE,0.00391438167077303
"510640512",retail,"1640","1","31005",31005 BRUGGE,"3",BRUGGE,0.0407578688221515
"699003016",residential,"1620","1","31005",31005 BRUGGE,"3",BRUGGE,0.0159739340316812
"732565829",commercial,"1636","1","31005",31005 BRUGGE,"3",BRUGGE,0.00388483644595835
"10713323",industrial,"1589","1","31005",31005 BRUGGE,"3",BRUGGE,0.00733950434730563
"228685400",farmyard,"1592","1","31005",31005 BRUGGE,"3",BRUGGE,0.00531072537848353
"284568606",recreation_ground,"1620","1","31005",31005 BRUGGE,"3",BRUGGE,0.00202241925188387
"381445069",grass,"1603","1","31005",31005 BRUGGE,"3",BRUGGE,0.00124401311733387
"577538372",grass,"1644","1","31005",31005 BRUGGE,"3",BRUGGE,0.0345342122024915
"594322594",farmyard,"1625","1","31005",31005 BRUGGE,"3",BRUGGE,0.00697016548874788
"906486042",grass,"1631","1","31005",31005 BRUGGE,"3",BRUGGE,0.000184749632834923
"8276909",farmyard,"1628","1","31005",31005 BRUGGE,"3",BRUGGE,0.0339637107512568
